doc_hash,pdf_path
10017487530048538031,030-088l_S1_Zerebrale-Gefaeßmalformationen_2023-08.pdf
10065311060206345782,032-061l_S1_Talgdruesenkarzinom_2025-04.pdf
10076776080835386211,048-012l_S2k_Prophylaxe-von-schweren-Erkrankungen-durch-Respiratory-Syncytial-Virus-RSV-bei-Risikokindern_2024-10.pdf
10092826188118777132,015-076l_S2k_Frueher-Schwangerschaftsverlust-im-1-Trimenon_2025-01.pdf
10115243528323210275,032-034OLl_S3_Endometriumkarzinom_2024-07.pdf
10168076384974637044,024-022l_S2k_Prophlaxe_Vitamin_K_Mangel_Neugeborene_2016-04-abgelaufen.pdf
10210408562038744771,064-009l_S1_Atemwegserkrankung-Kinder-Bildgebende-Diagnostik_2023-07.pdf
10216797100571735211,030-125l_S2e_LL_Diagnostik-Therapie-exekutive-Dysfunktionen_2024-12-abgelaufen.pdf
1021740320000731976,045-022l_S1_Nicht-infektioese-anteriore-Uveitis_2024-03.pdf
10235505988726114472,021-008l_S3__Gallensteine-Diagnostik-Therapie_2018-08-abgelaufen.pdf
10286469674590904608,002-026l_S2k_Arbeitsplatzbezogener-Inhalationstest-AIT_2021-12.pdf
10299950888209666044,174-022l_S1_Pubertas-tarda-und-Hypogonadismus_2021-12_01.pdf
10312917320264493084,022-004l_S1_Nicht-eitrige_ZNS_Infektionen_Gehirn_Rueckenmark_Kinder_Jugendliche_2024-07_02.pdf
1032867022957155002,051-026l_S3_Essstoerung-Diagnostik-Therapie_2020-03-abgelaufen.pdf
10372718595787893723,030-006l-S1_Delir-und-Verwirrtheitszustaende-Alkoholentzugsdelir_2022-01.pdf
10377002127857128170,015-072l_S2k_Vulvovaginalkandidose_2020-10_01.pdf
10385631925669845592,023-003l_S2k_Thoraxschmerzen_im_Kindes-_und_Jugendalter_2020-08.pdf
10431665752429030945,015-025l_S2k_Praevention-Therapie-Fruehgeburt_2025-03-verlaengert.pdf
10436961008510930973,183-002l_S3_Training_Frakturprophylaxe_2025-02_1.pdf
10437671053012426407,007-096l_S2k_Zahnsanierung_vor_Herzklappenersatz_2017-12_01-abgelaufen.pdf
10439758998397958796,012-024l_S2e_Patellaluxation_2021-11_01.pdf
10442402991407230365,069-019l_S2k_Funktionelle-nicht-organische-Obstipation-Stuhlinkontinenz-im-Kindes-und-Jugendalter_2022-04.pdf
10466826471469413247,023-015l_S2k_Fallotsche-Tetralogie_2022-01.pdf
10503400984774354801,017-078l_S2k_Vestibulaere-Funktionsstoerungen_2021-05.pdf
10507251723808391046,001-020l_S3_Intravasale-Volumentherapie-Erwachsene_2020-10.pdf
10574298803736705996,038-015l_S3_Borderline-Persoenlichkeitsstörungen_2022-11.pdf
10575498133985644105,174-002l_S2e_Diagnostik-des-Wachstumshormonmangels-im-Kindes-und-Jugendalter_2022-04.pdf
10585573195971929199,011-020l_S3_Einsatz-intraaortale-Ballongegenpulsation-Herzchirurgie-IABP_2024-09.pdf
10587335865291166693,048-018l_S1_Behandlung-unterer-Atemwegsinfektionen-Kinder-Jugendliche-mit-schweren-neurologischen-Beeintraechtigungen_2023-04.pdf
1062913018062301096,033-056l_S2e_subacromiales_Impingement_2021-12_01.pdf
10641439747462674135,083-038l_S3_Ideale-Behandlungszeitpunkte-kieferorthopaedischer-Anomalien_2022-01_01.pdf
10657291321783981888,013-023l_S2k_Diagnostik-Therapie-Zoster-Postzosterneuralgie_2020-09-abgelaufen.pdf
10712559666698398303,043-056l_S2k_Urethritis_posterior_2021-12.pdf
10789300282125449562,006-042l_S1_Bauchwanddefekte-Gastroschisis-Omphalocele_2020-11-verlaengert.pdf
10822881069876401173,061-021l_S2k_Allergologische-Diagnostik-Ueberempfindlichkeitsreaktionen-Arzneimittel_2024-02.pdf
10833194104695554834,001-028l_S1_Atemwegsmanagement_2023-09.pdf
10850151547729427809,053-047l_S3_Multimorbiditaet_2024-11.pdf
10861816413060900625,145-001l_S3_Schmerzassessment-bei-aelteren-Menschen_in-der-vollstationaeren_Altenhilfe_2018-02_1-abgelaufen.pdf
10884761444257058089,026-023l_S2k_Diagnose_der_Mukoviszidose_2023-11.pdf
10929463872429995386,032-009l_S3_Magenkarzinom_Diagnostik_Therapie_Adenokarzinome_oesophagogastraler_Uebergang_2019-12.pdf
10951349462699443569,174-008l_S1_Hereditaere-hypophosphataemische-Rachitiden_2022-08.pdf
1096329503486860522,064-006l_S1_Harntraktdilatation-Kinder-Bildgebende_Diagnostik_2023-07.pdf
11007707486813526362,025-014l_S1_Akute-lymphoblastische-Leukaemie-ALL-im-Kindesalter_2021-07.pdf
11034497446874109563,032-044OLl_S3_Adulte_Weichgewebesarkome_2022-06.pdf
11050820471256592327,068-003l_S2k_AGE-Akute-infektioese-Gastroenteritis-Saeuglinge-Kinder-Jugendliche-2024-07.pdf
11083618556341025866,023-033l_S2k_Pulmonalklappeninsuffizienz-Pulmonalklappenersatz-Kinder-Jugendliche-junge-Erwachsene-EMAH-Patienten_2024-03.pdf
11099165633345177840,059-004l_S2k_Gonorrhoe-Diagnostik-Therapie_2019-03_abgelaufen.pdf
11115764404711646761,043-058l_S3_Epidemiologie-Diagnostik-Therapie-Nachsorge-Blasenekstrophie-Epispadie-Komplex-BEEK_2024-09.pdf
11146822208133936899,017-024l_S2k_Therapie-Tonsillo-Pharyngitis__2024-03.pdf
11161121395856440561,011-022l_S3_Management_Mediastinitis_nach_herzchirurgischem_Eingriff_2019-09-abgelaufen.pdf
11178749548534424149,021-017l_S2k_Komplikationen-der-Leberzirrhose_2023-09-abgelaufen.pdf
11250630215889549176,2025-02_053-048l_S3_Versorgung-PatientInnen-chronische-nicht-nierenersatz-therpapiepflichtige-Nierenkrankheit-Hausarztpraxis_01.pdf
11351083146186934410,023-029l_S2k_Primaere-Kardiomyopathien-Kinder-Jugendliche__2024-05.pdf
11353672096708578823,025-016l_S2k_Sichelzellkrankheit_2020-12.pdf
11356396351318724230,023-049l_S2k_Praevention-kardiovaskulaerer-Erkrankungen-im-Kindes-und-Jugendalter__2023-12.pdf
11362694308676645163,023-017l_S2k_Double-Outlet-Right-Ventricle-DORV_2022-01.pdf
11386311544960521137,025-027l_S1_Anaemiediagnostik-im_Kindesalter_2024-06.pdf
11479019299761573025,083-034l_S3_Implantate_Immundefizienz_2020-07-abgelaufen.pdf
11566523329263468793,005-009l_S3_Kubitaltunnelsyndrom-Diagnostik-Therapie_2018-02-abgelaufen.pdf
11624553196861259487,023-018l_S2k_Pulmonalatresie-mit-Ventrikelseptumdefekt_2024-01.pdf
11699413195946597235,088-009l_S2k_Operative-Therapie-des-primaeren-und-renalen-Hyperparathyreoidismus_2025-01-verlaengert.pdf
11703319136731245654,001-041l_S1_Obstruktive-Schlafapnoe-Tonsillenchirurgie-Adenotomie_Kinder-perioperatives-Management_2021-01.pdf
11704217541849195850,030-031l_S1_Ataxien-des-Erwachsenenalters_2024-02.pdf
11706922096522168942,031-038l_S1_Knochenszintigraphie_Kinder_2015-06-abgelaufen.pdf
11771139611913655230,001-031l_S2k_Interdisziplinaere-Versorgung-Kinder-Fremdkoerperaspiration-Fremdkoerperingestion_2024-12.pdf
11771666527104001022,013-066l_S2k_zirkumskripte_Sklerodermie_2023-11_1.pdf
11771798299055451191,025-013l_S1_Non-Hodgkin-Lymphome_NHL_2023-06.pdf
11807112699225477488,059-005l_S2k_Chlamydia-trachomatis_Infektionen_2016-12-abgelaufen.pdf
118461329072739116,007-091l_S3_Antiresorptiva-assoziierte-Kiefernekrosen-AR-ONJ_2018-12-abgelaufen.pdf
11858264526372926924,088-007l_S2k_operative_Therapie_benigner_Schilddruesenerkrankungen_2025-03-verlaengert.pdf
11873815451470652176,028-047l_S3_Autismus-Spektrum-Stoerungen-Kindes-Jugend-Erwachsenenalter-Therapie_2021-04_1.pdf
11911931811641577578,024-006l_S2k_Betreuung_von_Neugeborenen_diabetischer_Muetter_2017-10-abgelaufen.pdf
11919869560105803448,187-061l_S2k_Rehabilitation-Majoramputation-obere-Extremitaet-proximal-Hand_2024-08.pdf
11920192695404779933,083-010l_S3_Implantatprothetische-Versorgung-zahnloser-Oberkiefer_2021-03.pdf
11927375218747796162,053-028l_S1_Nicht_sichtbare_Haematurie_2020-11-abgelaufen.pdf
11943265501668045572,015-074l_S2k_Uterine_Sakrome_2024-10.pdf
11958645078502497874,002-005l_S1_Praevention-arbeitsbedingter-Gesundheitsgefahren-bei-Arbeiten-unter-Einwirkung-von-Schwefelkohlenstoff_2022-03.pdf
11970043694904504426,020-020l_S3_Behandlung-von-erwachsenen-Patienten-mit-ambulant-erworbener-Pneumonie__2021-05.pdf
11972902073140761912,088-001l_S3_Chirurgie-Adipositas-metabolische-Erkrankugen_2018-02-abgelaufen.pdf
11989051669648208806,031-022l_S1_Skelettszintigraphie_04-2024.pdf
11993672790300862525,031-002l_S1_Radioiodtherapie_differenziertes_Schilddruesenkarziom_2015-10-abgelaufen.pdf
12001159923603501712,063-001l_S3_SBAS_2023-01_verlaengert_und_Hinweis_Teil-Aktualisierung.pdf
12002875797479412134,060-009l_S1_Betreuung-Patienten-entzuendlich-rheumatische-Erkrankungen-SARS-CoV2-COVID-19-Pandemie_2021-10-verlaengert.pdf
12022558920369174622,028-045l_S3_ADHS_2018-06-abgelaufen.pdf
12051299651915972907,092-004l_S1_Ambulante-parenterale-Antiinfektivatherapie-APAT_2024-11.pdf
12106972911659370879,004-028l_extracranielle-Carotisstenose-Diagnostik-Therapie-Nachsorge_2025-02-abgelaufen.pdf
12115747046811540422,030-001l_S1_Motoneuronerkrankungen_2021-11.pdf
1211818802182829542,061-029l_S1_Hereditaeres-Angiooedem-durch-C1-Inhibitor-Mangel_2019-01-abgelaufen.pdf
12122882855618226094,013-093l_S1_Diagnostik-Therapie-Vitiligo_2021-04.pdf
12160714476509733358,112-001l_S2k_Primaere_Immundefekte_PID_2017-11_abgelaufen.pdf
12178915390459664336,021-003l_S3_Pankreatitis_2022-04_01.pdf
12222306762554991653,011-021l_S3_Einsatz-der-extrakorporalen-Zirkulation-ECLS-ECMO-bei-Herz-Kreislaufversagen_2021-02.pdf
12261551665673297804,017-004l_S2k_Seromukotympanum_2018-12-abgelaufen.pdf
12313574805682817462,001-025l_S3_Behandlung-akuter-perioperativer-posttraumatischer-Schmerzen_2022-11.pdf
12330906554310973256,012-015l_S2e_Distale_Radiusfraktur_2021-11_02.pdf
12340083758806555656,082-006l_S2k_Parenterale_Antibiotika_2019-08-abgelaufen.pdf
12344693826441378777,032-057l_S1_Atypisches-Fibroxanthom-AFX-pleomorphes-dermales-Sarkom__PDS__2022-01.pdf
12362675325431864907,032-051OLl_S3_Psychoonkologische-Diagnostik-Beratung-Behandlung-von-erwachsenen-KrebspatientInnen_2023-09.pdf
12369838847168840481,043-034l_S2e_Diagnostik_Therapie_benignes_Prostatasyndrom_2023-04.pdf
12387475336051357871,053-065l_S1_Anamnestisches-Erstgespraech-in-der-hausaerztlichen-Praxis-Gesprächsfuehrung-unbekannten-Patientin-Patienten__2025-01_1.pdf
12400813795397705058,013-027l_S3_Atopische-Dermatitis-AD-Neurodermitis-atopisches-Ekzem_2024-01.pdf
12402685938407729302,083-005l_S2k_Dentale-digitale-Volumentomographie-DVT_2023-02_1.pdf
12412182468014127971,001-037l_S1_Telemedizin_praehospitale_Notfallmedizin_2016-11-abgelaufen.pdf
12423947947291378288,013-094l_S2k_Therapie-der-Psoriasis-bei-Kindern-und-Jugendlichen_2022-04-verlaengert.pdf
12431265620340732273,nvl-004l_S3_Chronische-KHK_2024-09.pdf
12442542544907518252,053-052l_S1_Hitzebedingte-Gesundheitsstoerungen-Hausarztpraxis_2020-09.pdf
12450726742449520167,013-043l_S1_Ichtyosen_2017-05-abgelaufen.pdf
12454953150164091255,023-048l_S2k_Kongenital-korrigierte-Transposition-der-großen-Arterien-cc-TGA_2021-10.pdf
12466557570233016149,006-002l_S1_Anorektale-Fehlbildungen_2024-04.pdf
12471509803707711580,027-075l_S2k_Praevention-dysregulierten-Bildschirmmediengebrauchs-Kinder-Jugendliche_2023-09.pdf
12503781068700570048,060-005l_S3_Diagnostik-Therapie-Gicht_2025-01.pdf
12532003590377006338,179-015l_S1_Thromboembolieprophylaxe-bei-Querschnittlaehmung_2020-09.pdf
1253373548402413785,083-051l_S2k_Okklusionsschienen-Behandlung-craniomandibulere-Dysfunktionen-praeprothetischen-Therapie_2024-07.pdf
12558001245084585914,015-084l_S3_Sectio-caesarea_2020-06_1_02.pdf
12575107660719186260,005-003l_S3_Diagnostik-Therapie-Karpaltunnelsyndrom-KTS_2022-04_01.pdf
12587723875384201060,174-021l_S1_Hochwuchs_2022-04.pdf
12642416581553089773,083-035l_S2k_ZAE_Behandlungsempfehlungen_Organtransplantation_2022-08.pdf
1268346475700306575,028-044l_S3_Lese-Rechtschreibstörungen_Kinder_Jugendliche_2015-06-abgelaufen.pdf
12691115646853794208,093-002l_S2k_Virusinfektionen-Organtransplantierte-alloge-Stammzell-Transplantierten-Diagnostik-Praevention-Therapie__2024-12.pdf
12709492224770865910,040-017l_S3_Nierenersatztherapie-Intensivmedizin_2025-03.pdf
12735524002471696885,002-017l_S1_Haendigkeit–Bedeutung_-Untersuchung_2020-10.pdf
12747683167455214284,161-001l_S2k_Medizinisch-klinische-Diagnostik-bei-Schimmelpilzexposition-in-Innenraeumen_2024-03.pdf
12793619475239808077,013-099l_S3_Management-Urethritis-maennliche-Jugendliche-Erwachsene_2025-02.pdf
12798938074963846894,013-096l_S1_Diagnostik-Therapie-Necrobiosis-lipoidica_2024-04.pdf
12833667048834276663,022-030l_S2k_Diagnostik-Therapie-5q-assoziierte-spinale-Muskelatrophie-Kinder-Erwachsene_2025-02_1.pdf
12839160329650271365,115-001l_S2k_Rationelle_Labordiagnostik_Abklärung_Nierenschädigungen_Nierenerkrankungen_2021-09_01.pdf
12853698843570536911,060-004l_S2e_Therapie_rheumatoide_Arthritits_krankheitsmod_Med_2018-10_01-abgelaufen.pdf
12856326744440273786,023-019l_S2k_Pulmonalatresie_intaktes_Ventrikelseptum_PA-IVS_2015-06-abgelaufen.pdf
12874545698374498288,080-006l_S3_Neurologische-Rehabilitation-bei-Koma-und-schwerer-Bewusstseinsstoerung-im-Erwachsenenalter_2025-03-verlaengert.pdf
12882587384074047229,108-001l_S2k_Einwilligung_von_Menschen_mit_Demenz_in_medizinische_Maßnahmen_2024-11-abgelaufen.pdf
12899240753466493057,179-007l_S1_Querschnittlaehmungsassoziierte-Osteoporose_2018-01-abgelaufen.pdf
12904269750375315612,082-005l_S1_Diagnose-Therapie-Candida-Infektionen_2020-09.pdf
12910099420108621022,023-010l_S2k_Aortenisthmusstenose_Kinder_Jugendliche_2018-07-abgelaufen.pdf
12920536261267523964,076-001l_S3-Screening-Diagnose-Behandlung-alkoholbezogene-Stoerungen_2025-01-verlaengert.pdf
12927340523603060266,015-028l_S2k_Bakterielle-Vaginose_2023-07.pdf
12958775537629538738,001-051l_S1_Gefaesszugaenge-Erstversorgung-erwachsene-Notfallpatienten-Schockraum_2025-04.pdf
12970809666270348688,078-017l_S1_Tumorgenetik-Genetische-Diagnostik-bei-malignen-Erkrankungen_2022-03-verlaengert_01.pdf
12971558742243722045,008-001l_S2e_Schaedelhirntrauma_SHT_Erwachsene_2015-12-abgelaufen.pdf
12977445984624972364,031-003l_S1_Radioiodtherapie_benigne_Schilddruesenerkrankungen_2023-04.pdf
13005814180173273119,174-024l_S2k_Diagnostik-bei-Neugeborenen-von-Muettern-mit-Schilddruesenfunktionsstoerungen_2019-02-abgelaufen.pdf
13009828293003983898,083-033l_S3_Periimplantaere-Weichgewebsaugmentation_2023-09_verlaengert.pdf
13022352335306291920,027-073l_S2k_Muskuloskelettale-Schmerzen-Kinder-Jugendliche–Algorithmus__2020-12.pdf
1302904480726364743,031-011l_S1_Schilddruesenszintigraphie-Tc-99m-Pertechnetat-I-123_Natriumiodid__2023-04.pdf
1305635080320228750,012-023l_S1_Oberarmkopffraktur_2017-10-abgelaufen.pdf
13058457320534175028,025-022l_S1_Leitsymptome-Diagnostik-ZNS-Tumoren-Kinder-Jugendliche_2024-06.pdf
13070106291601754810,015-089l_S3_Fetale-Ueberwachung-in-der-Schwangerschaft_2023-05.pdf
13074412817680236271,020-019l_S2k_Tuberkulose-im-Erwachsenenalter_2023-09.pdf
13108477607743851444,185-003l_S2k_Kawasaki-Syndrom_2021-01.pdf
1311668944333818136,042-005l_S1_Schistosomiasis-Bilharziose-Diagnostik-Therapie_2017-12-abgelaufen.pdf
13127158723661589157,030-133l_S2k_Sekundaerprophylaxe-ischaemischer-Schlaganfall-transitorische-ischaemische-Attacke-Teil-1_2022-07.pdf
13153232465302701215,023-047l_S2k_Kongenitale-Aortenklappenstenose_2022-01.pdf
1316659108143337727,061-032l_S2k_Diagnostik_Verdacht_Betalaktamantibiotika_Ueberempfindlichkeit_2019-12-abgelaufen.pdf
13176724847282554042,001-015l_S3_Lagerungstherapie-Mobilisation-von-kritisch-Erkrankten-auf-Intensivstationen_2024-09.pdf
13196006305521377823,021-011l_S3_Prophylaxe-Diagnostik-Therapie-der-Hepatitis-B-Virusinfektion_2021-07.pdf
1321650365189437476,023-004l_S2k_Synkope_im_Kindes-_und_Jugendalter_2025-03-abgelaufen.pdf
13249600914611709836,023-030l_S2k_Hypoplastisches-Linksherzsyndrom-Hypoplastischer-Linksherzkomplex-Kinder-Jugendliche_2023-01.pdf
13274337488837313491,048-014l_S2k_Diagnostik-Therapie-Fieber-ohne-Fokus_-Granulozytopenie-Kinderonkologie_2024-03.pdf
13281891892922482274,017-071l_S2k_Cochlea-Implantat-Versorgung-zentral-auditorische-Implantate_2020-12.pdf
13312475384420862172,024-020l_S2k_Prophylaxe_Neugeborenensepsis_Streptokokken_2016-04-abgelaufen.pdf
13314395139160350429,032-033OLl_S3_Diagnostik_Therapie_Nachsorge_Zervixkarzinom_2022-03.pdf
1334911264020442696,179-002l_S2k_Schwangerschaft-Geburt-Wochenbett-Querschnittlaehmung_2024-08.pdf
1337967947652528525,021-004l_S3_Morbus_Crohn_Diagnostik_Therapie_2024-09.pdf
13391580490699457931,030-078l_S2k_Therapie_spastisches_Syndrom_2025-04.pdf
13411542326486777126,007-106l_S3_Totaler_alloplastischer_Kiefergelenkersatz_2025-04-abgelaufen.pdf
13433293900832440497,038_017l_S3_Zwangsstörungen_2022-07.pdf
13435161826970438435,187-051l_S2e_Hallux-Valgus_2025-05.pdf
13443039827099354348,030-116l_S1_Schmerzsyndrome_CRPS_2018-09-abgelaufen.pdf
13470618873965898710,048-013l_S2k_Management-ambulant-erworbene-Pneumonie-Kinder-Jugendlichen-paediatric-community-acquired_pneumonia-pCAP_2024-01_1.pdf
13482862028649658041,020-034l_S2k_Sicherheit-der-diagnostischen-flexiblen-Bronchoskopie-bei-Erwachsenen__2025-04.pdf
1352983924456666451,030-134l_S1_Diagnostik-Therapie-Morbus-Fabry_2023-02.pdf
13553853248590595269,018-038OLl_Diagnostik-Therapie-Nachsorge-erwachsene-PatientIinnen-diffusen-grosszelligen-B-Zell-Lymphom-verwandten-Entitaeten-DLBC-2022-10.pdf
13556829596735579368,031-046l_S1_Somatostatinrezeptor-PET-CT_2017-07-abgelaufen.pdf
13592893358636099822,018-032OLl_S3_Diagnostik-Therapie-Nachsorge-chronisch-lymphatische-Leukaemie-CLL_2025-01.pdf
13597204369452482242,031-012l_S1_Radioiodtest-I-131-oder-I-123_Natriumiodid_2023-04.pdf
13614394111334821356,166-002l_S2k_Haemolytisch-Uraemisches-Syndrom-im-Kindesalter_2022-07.pdf
13649133423012473072,021-018l-S3I_Intestinale-Motilitaetsstierungen_2022-03.pdf
13718814897208589122,083-046l_S1_zahnmedizinische-Patienten-Belastung-Aerosol-uebertragbare-Erreger_2022-08.pdf
13822260112243037897,023-009l_S2k_Supravalvulaere_Aortenstenose_SVAS_Kinder_Jugendliche_2019-10.pdf
13835610266482669111,051-001l_S3_Funktionelle_Koerperbeschwerden_2018-11-abgelaufen.pdf
13866982515439604573,006-100l_S2k_Infantile-Haemangiome-Saeuglinge-Kleinkinder_2020-12-verlaengert_01.pdf
13869987850426162663,051-031l_S3_Psychosoziale-Diagnostik-Behandlung-PatienInnen-vor-und-nach-Organtransplantation_2022-08_1.pdf
1387078172600422886,060-003l_S3_Axiale-Spondyloarthritis-Morbus-Bechterew-Fruehformen-2019-10-abgelaufen.pdf
1388998216353001108,002-038l_S2k_Diagnostik_und_Begutachtung_asbestbedingter_Berufskrankheiten_2021-01.pdf
13923776243072203277,021-027l_S3_Seltene-Lebererkrankungen-LeiSeLebEr-autoimmune-Lebererkrankungen-Paediatrie-Erwachsenenalter_2025-02.pdf
13936967184747484348,001-045l_S1_Schulung-von-Mitarbeitenden-im-Gesundheitswesen-bei-Einsatz-waehrend-der-COVID-19-Pandemie_2020-verlaengert.pdf
13956297282173045420,006-030l_S1_Leistenhernie_Hydrozele_2020-11_1.pdf
1397465926085530499,013-064l_S1_MKC_Mikroskopisch-kontrollierte-Chirurgie__2022-10.pdf
13997994226432336514,064-005l_S1_Haematurie-Kinder-Jugendliche-Bildgebende-Diagnostik_2023-07.pdf
1402371613734439871,145-003l_S3_LONTS_2020-10.pdf
14024080528468812230,088-008l_S2k_Operative-Therapie_Nebennierentumoren_2019-07-abgelaufen.pdf
14053257343383069570,015-081l_S3_Adipositas-Schwangerschaft_2020_06.pdf
14074209118980382127,050-002l_S3_Therapie-Praevention-Adipositas-Kinder-Jugendliche_2024-09-abgelaufen.pdf
1407584566630873597,151-004l_S3_Radiofrequenz-Denervation-Facettengelenke-des-ISG_2024-03-Zertifikat.pdf
14077318602292151435,030-085l_S1_Zerebrale-Vaskulitis-zerebrale-Beteiligung-systemische-Vaskulitiden-rheumatischen-Grunderkrankungen__2024-07.pdf
14088720075664409972,187-002l_S2k_Rehabilitation-nach-traumatischen-Frakturen-der-Brust-und-Lendenwirbelsauule-ohne-neurologische-Ausfaelle_2022-06.pdf
14095621123255459060,048-017l_S1_Infektiologische-Versorgung-von-Fluechtlingen-im-Kindes-und-Jugendalter__2022-07.pdf
14112107271381958244,006-062l_S1_Unterarmschaftfraktur-2016-05-abgelaufen.pdf
1413500187029443776,078-010l_S1_molekulare-zytogenetische-Diagnostik-Prader-Willi-Syndrom_-Angelman-Syndrom__2020_12.pdf
14230559470472558326,004-008l_S2k_Erkrankungen-der-Nierenarterien_2020-01-abgelaufen.pdf
14237777398842947565,nvl-005l_S3_Unipolare-Depression_2023-07.pdf
14274935011845351285,073-024l_S2k_Klinische-Ernaehrung-in-der-Hepatologie_2024-09.pdf
14338411215764557395,030-111l_Neurogene-Dysphagie_2025-03_abgelaufen.pdf
14382148038917325756,030-070l_S3_Diagnostik-Therapie-akuten-Querschnittlaehmung_2025-04.pdf
14391605738129117387,019-014l_S3_Vorhofflimmern_2025-04.pdf
1440407165955741067,015-092l_S2k_Sars-CoV2-Schwangerschaft-Geburt-Wochenbett_2024-08.pdf
14452510881757309894,007-007l_S2k_Wurzelspitzenresektion_2022-12.pdf
14484918842047028608,151-001l_S2k_Diagnostik-Therapie-Spondylodiszitis_2020-10.pdf
14505846625893018823,012-009l_S1_Stuetzverbaende-Frakturen-Verletzungen_2019-03-abgelaufen.pdf
14509047684700736195,021-022l_S2k_Qualitaetsanforderungen_gastrointestinale_Endoskopie_2015-07-abgelaufen.pdf
14542112529601433094,028-014l_S2k_Geschlechtsinkongruenz-Geschlechtsdysphorie-Kinder-Jugendliche-Diagnostik-Behandlung_2025-03_1.pdf
14557958541660250113,020-030l_S2k_Bronchiektasen_2024-06_1.pdf
14571812742549013869,032-049l_S2k_Gestationsbedingte-und-nicht-gestationsbedingte-Trophoblasterkrankungen_2022-08.pdf
14580370865970232497,001-047l_S1_Perioperative-Nuechternzeiten-Kinder_2022-03_1.pdf
14597845187988399316,055-008l_S2k_HIV-Praeexpositionsprophylaxe_2024-04_02.pdf
14639199481300204710,061-030l_S1_Vorgehen-bei-Verdacht-auf-Unvertraeglichkeit-gegenueber-oral-aufgenommenem-Histamin_2022-03.pdf
14644755947656427723,021-026l_S2k_Neuroendokrine_Tumore_2018-07-abgelaufen.pdf
14666720853090636808,015-088ladd_S2k_Geburtseinleitung_2021-04.pdf
14671311635696160416,030-067l_S1_Diagnostik-Polyneuropathien_2024-05.pdf
14676136905136784514,025-018l-S1_Hereditaere-Sphaerozytose_2023-09_1.pdf
14687826837872899767,032-035OLl_S3_Ovarialkarzinom_2024-10.pdf
14709900266774793615,093-003l_S2k_Praevention-Diagnostik-Therapie-CMV-Infektion-Schwangere-konnatalen-CMV-Infektion-Neugeborene-Kinder_2025-04.pdf
14720606613010629562,030-011l_S2k_Tremor_2022-08.pdf
1473538020107302224,020-007OLl_S3_Praevention-Diagnostik-Therapie-Nachsorge-Lungenkarzinom_2025-04.pdf
14762319699490284344,021-012l_S3_Hepatitis-C-Virus_HCV-Infektion_2018-07-abgelaufen.pdf
14783898106035071516,023-042l_S2k_Sport-bei-angeborenen-und-erworbenen-Herzerkrankungen_2022-12.pdf
14827620228751485753,002-043l_S2k_Arbeitsmedizinische-Eignungsuntersuchung-Arbeitnehmer-Offshore-Windenergieanlagen-anderen-Offshore-Installationen_2021-09.pdf
14828862121918407758,151-003l_S2k_Diagnostik-Therapie-Adoleszentenkyphose-Morbus-Scheuermann-Kinder-Jugendliche_2025-01.pdf
14845668789844586315,024-008l_S2k_Bakterielle_Infektionen_Neugeborene_2021-03-abgelaufne.pdf
14883417044870406681,138-001l_S3_Geschlechtsdysphorie-Diagnostik-Beratung-Behandlung_2014-07-abgelaufen.pdf
14886941530296716692,022-025l_S3_Fetale-Alkoholspektrumstörungen-FASD-Kinder-Jugendliche-Diagnostik-Intervention_2024-05_1.pdf
14893063578464752768,018-033OLl_S3_Follikulaeres_Lymphom_2020-06.pdf
14936224771857976102,023-031l_S2k_Familienorientierte-Rehabilitation_FOR-Herz_und_Kreislauferkrankungen_2018-07-abgelaufen.pdf
14966391689792801150,001-042l_S1_Der-intraossaere-Gefaesszugang-in-der-Notfallmedizin_2018-02-abgelaufen.pdf
15064556453990460486,020-003l_S2k_Fachaerztliche-Diagnostik-Therapie-erwachsene-Patienten-Husten__2025-02_1.pdf
15073373128352183845,001-043l_S2k_Katastrophenmedizinische-praehospitale-Behandlungsleitlinie_2023-10.pdf
15078130197561803634,037-015l_S2k_Sklerosierungsbehandlung-Varikose_2019-05_abgelaufen.pdf
15088326646735479078,nvl-002l_S3_Asthma_2024-08.pdf
15127975937581497615,nvl-003l_S3_COPD_2024-12.pdf
15135098121018786512,013-028l_S3_Klassifikation-Diagnostik-Therapie-Urtikaria_2022-04.pdf
15174793142438332685,100-001l_S2k_Arzneimitteltherapie-bei-Multimorbiditaet_2024-08-abgelaufen.pdf
15178696649843561975,021-009l_S3_Colitis-ulcerosa_2025-02.pdf
15194193231122976694,045-025l_S1_Risikofaktoren-Prophylaxe-rhegmatogene-Netzhautabloesung-bei-Erwachsenen_2022-12.pdf
15213442611889965326,053-023l_S3_Brustschmerz–primaeraerztliche-Versorgung_2025-03.pdf
15244503133527791788,013-092l_S2k_Praeparationen_lokale_Anwendung_2017-11-abgelaufen.pdf
15293345933761909278,013-053l_S2k_Diagnostik-Praevention-Therapie-Handekzem_2023-05.pdf
15296859322963015319,022-017l_S3_Umschriebene-Entwicklungsstoerungen-motorischer-Funktionen-UEMF_2020-08_01.pdf
15330981627768350133,086-005l_S2k_Synovitis-bei-Haemophilie_2023-02.pdf
15371847250301005368,007-066l_S3_Idiopathische_Kondylusresorption_2023-03.pdf
15414722214130223205,002-042l_S2k_Nutzung-Herzschlagfrequenz-Herzfrequenzvariabilitaet-Arbeitsmedizin-Arbeitswissenschaft_2022-03_1.pdf
15440184029953221050,083-027l_S3_Bruxismus-Diagnostik-Behandlung_2019-06-abgelaufen.pdf
15447807793528333741,030-121l_S1_Diagnostik-Therapie-Neurogene-Blasenstoerungen_2025-01-abgelaufen.pdf
15459314347152715394,023-022l_S2k_Tachykarde_Herzrhythmusstoerungen-Kinder-Jugendliche-junge-Erwachsene_2019-04-abgelaufen.pdf
15490684878055387758,004-034l_S2k_Typ_B_Aortendissektion_2022-05.pdf
15531327904075727719,059-002l_S2k_Diagnostik_Therapie_Syphilis_2021_06.pdf
15540673562430209615,043-025l_S2k_Diagnostik_Therapie_Metaphylaxe_Urolithiasis_2019-07_1-abgelaufen.pdf
15564299189759876238,030-095l_S1_Beschleunigungstrauma-Halswirbelsaeule_2021-04.pdf
15591007804252295908,021-024l_S2k_Gastrointestinale_Infektionen_2023-11_1.pdf
15646068995739886361,060-008l_S3_Management-des-systemische-Lupus-erythematodes_2025-04_1.pdf
15654764286714913117,187-050l_S2k_Gonarthrose_2025-01-verlaengert.pdf
15667226653991085539,001-005l_S1_Rueckenmarksnahe-Regionalanaesthesien-Thrombembolieprophylaxe-antithrombotische-Medikation_2021-10_1.pdf
15673001902814830995,042-001l_S1_Diagnostik-Therapie-Malaria_2021-08-abgelaufen.pdf
15692747506866059590,025-009l_S1_Medulloblastom-Kinder-Jugendliche_2018-04-abgelaufen.pdf
15706470607851963833,083-009l_S2K_Implantologische-Indikationen-Anwendung-Knochenersatzmaterialien_2020-11.pdf
15744074154811702195,057-023l_S2e_Diabetes_und_Schwangerschaft_2022-01.pdf
15750786733015026037,008-024l_S2k_Diagnostik-Therapie-peripherer-Nerventumoren_2022-12.pdf
15771952872720720241,030-099l_S2k_Gliome_2025-01-verlaengert.pdf
15799294181604424551,073-005l_S3_Klinische-Ernaehrung-in-der-Chirurgie_2023-09.pdf
15803970761908911732,015-018l_S2k_Hypertensive-Erkrankungen-Schwangerschaft-HES-Diagnostik-Therapie_2024-07.pdf
15820309587831251523,145-004l_S3_Fibromyalgiesyndrom_2019-11_1-abgelaufen.pdf
15851902285865064194,015-087l_S2e_Ueberwachung-Betreuung-Zwillingsschwangerschaften_2020-05.pdf
15869188071882355848,057-017l_S2k_Diabetes_mellitus_im_Alter_2018-09-abgelaufen.pdf
15896002195856577275,031-050l_S1_Tumor_Szintigraphie_123Iod_meta_Iodbenzylguanidin_2015-06-abgelaufen_01.pdf
15912710508674759468,021-014l_S3_Sedierung_in_der_gastrointestinalen_Endoskopie_2023-10.pdf
15920132623804084221,030-108l_S1_Hirnabszess_2021-04.pdf
15925068191494372352,187-003l_S2k_Wirbelsaeulenmetastasen_2024-07.pdf
15944831333473756622,021-027l_S3_KF_Seltene-Lebererkrankungen-LeiSeLebEr-Lebererkrankungen-Paediatrie-bis-Erwachsenenalter_2025-05.pdf
15969787081752057859,030-098l_S2k_Zerebrale-Venen-und-Sinusthrombose_2024-02.pdf
15992275246039702427,030-016l_Diagnostik-Therapie-_Trigeminusneuralgie__2024-01_1.pdf
16003326065423615991,076-011l_S1_Diagnostik-Therapie-Internetnutzungstoerungen_2025-01.pdf
16034414243909574025,027-070l_S3_Rueckenschmerz-Kinder-Jugendliche_2021-12_01.pdf
16036403679491584219,023-020l_S2k_Trikuspidalatresie-Kinder-Jugendliche_2022-12.pdf
16041358723874764106,045-018l_S1_Akute-Veraetzung-am-Auge_2021-01_1.pdf
16073866080308350937,013-097l_S2k_Teledermatologie_2024-11-verlaengert.pdf
1607582776073041932,013-003l_S1_Onychomykose_2022-09_1.pdf
1608168489063141762,030-051l_S1_Diagnostik-Differentialdiagnose-Myalgien_2025-04.pdf
16115849828568672369,179-001l_S2k_Neuro-urologische-Versorgung-querschnittgelaehmter-Patienten_2021-11.pdf
16143921271616693936,078-014l_S1_Praenataler_Schnelltest_2024-11.pdf
16145078988638596073,027-071l_S2k_Medikamentensicherheit-bei.Kindernotfällen_2021-03.pdf
16168540526938957818,043-047l_S2k_neurogene_Blasenfunktionsstörungen_spinale_Dysraphie_2019-08-abgelaufen.pdf
16190487758107689643,012-029l_S1_Hintere-Kreuzbandruptur_2018-08-abgelaufen.pdf
16193603626434122364,030-035l_S1_Fruehsommer_Meningoenzephalitis_FSME_2025-01-abgelaufen.pdf
16206153796682393239,006-027l_S1_Invagination_2021-12.pdf
16208122297882341957,021-025l_S2k_-NAFLD-Nicht-alkoholische-Fettlebererkrankungen_2022-10_01.pdf
16221661095421154261,027-021l_S1_Konfirmationsdiagnostik-Stoffwechselkrankheiten-Neugeborenenscreening_2025-01-abgelaufen.pdf
16222459571199381862,015-090l_S2k_Nierenerkrankungen-und-Schwangerschaft_2022-01.pdf
16227480311943059130,024-009l_S2k_Nekrotisierende_Enterokolitis_2018-02-abgelaufen.pdf
16243804513203299944,030-044l_S1_Diagnostik-Therapie-HIV-1-assoziierter_Erkrankungen_2021-02.pdf
16254503220430478977,021-021l_S2k_Zoeliakie_2022-05.pdf
16283290193338285635,013-091l_S1_Pyoderma-gangrenosum_2020-10_1.pdf
16285383307095494993,030-115l_S1_Diagnostik-Myopathien_2021-07.pdf
16306743283356324767,187-059l_S2k_Spezifischer-Kreuzschmerz_2024-08.pdf
16313993734194201081,086-003l_S2k_Diagnose-Thrombozytenfunktionsstoerungen-Thrombozytopathien_2024-09.pdf
16317674191531817309,033-044l_S2k_Rehabilitation_Majoramputation-untere_Extremitaet_2019-09-abgelaufen.pdf
16320303562011911905,030-063_S1_Normaldruckhydrozephalus_2018-03-abgelaufen.pdf
16376403256156509266,007-046l_S2k_Infizierte-Osteoradionekrose-der-Kiefer-IORN_2018-02-abgelaufen.pdf
16395090495894058979,013-100l_S1_Differentialdiagnose-akuter-chronischer-Roetungen_Unterschenkel_2021-12.pdf
16420134836379811643,038-013l_S3_Demenzen_2025-04.pdf
16430332020748455582,024-005l_S2k_Betreuung-von-Neugeborenen-in-der-Geburtsklinik_2022-01.pdf
16443511262008143257,030-141l_S1_Lumbalpunktion_und_Liquordiagnostik_2020-01-abgelaufen.pdf
16453635362339151982,060-006l_S2e_Behandlung-der-Polymyalgia-rheumatica_2025-04.pdf
16511565794211532842,030-039l_S1_Dystonie_2021-05.pdf
16570361631404950927,064-008l_S1_Bewegungseinschraenkungen-Kinder-Jugendliche-Bildgebende-Diagnostik_2023-07.pdf
16611471854004201537,053-018l_S3_Akuter_Schwindel_Hausarztpraxis_2018-07_1-abgelaufen_01.pdf
16639661557675197542,021-001l_S2k_Helicobacter-pylori-gastroduodenale-Ulkuskrankheit_2023-06.pdf
16641551759777653412,064-018l_S1_Ganzkoerpermagnetresonanztomografie-im-Kindes-und-Jugendalter-GK-MRT_2025-02-abgelaufen.pdf
16643830800828811191,185-005l_S2k_Systemischer-Lupus-erythematodes-Beginn-Kindes-Jugendalter-jSLE_2025-04.pdf
16652034604383984952,083-045l_S1_Die-Unterkieferprotrusionsschiene-UPS-zahnaerztliche-Schlafmedizin_bei-Erwachsenen_2022-01.pdf
1665915704081595337,023-024l_S2k_Infektioese-Endokarditis-Endokarditisprophylaxe-im-Kindes-und-Jugendalter_2022-10_03.pdf
16674981899250183476,042-009l_S1_Screening-Diagnose-Behandlung-klinisches-Management-Chagas-Krankheit_2022-11.pdf
16688263628710281140,033-001l_S2k_Koxarthrose_2019-07_1-abgelaufen.pdf
16745728192380384863,017-064l_S3_Chronischer_Tinnitus_2021-09_1.pdf
16757233202253981112,064-016l_S1_Bauchschmerz-Kinder-Jugendliche-Bildgebende-Diagnostik_2023-07.pdf
16816275888919845797,001-024l_S3_Praeoperative-Anaemie_2018-04-abgelaufen.pdf
16821634045079118733,083-040l_S2k_Implantationszeitpunkte_2023-07.pdf
16825044710943386339,166-004l_S2k_Harnwegsinfektionen_im_Kindesalter_2021-08_1.pdf
16910769175980151706,061-020l_S2k_Diagnose-Therapie-Bienengiftallergie-Wespengiftallergie_2024-08.pdf
16946952298864002119,024-025l_S2k_Sepsis_nach_Neonatalperiode_2016-04-abgelaufen.pdf
16994302654507346340,037-012l_S2k_Lipoedem_2024-01_01.pdf
17046083471381981743,032-060lS_1_Dermales-subkutanes-Leiomyosarkom_2023-05.pdf
17102525444024183040,030-113l_S1_Diagnostik-Therapie-des-postpunktionellen-und-spontanen-Liquorunterdruck-Syndroms_2023-10.pdf
17131176843152661706,017-076OLl_S3_Larynxkarzinom_2019-11-abgelaufen.pdf
17153771607045420878,024-018l_S2k_Schaedel-Hirn-Trauma-Kinder-Jugendliche-SHT_2023-03.pdf
17155586073691207777,174-020l_S1_Anti-Diuretisches-Hormon-ADH-Mangel-Kinder-Jugendliche_2024-12.pdf
17160911753531405185,083-054l_S2k_Implantatversorgung-im-fortgeschrittenen-Lebensalter_2024-12.pdf
17206639345354292853,001-018l_S3_Vermeidung_perioperativer_Hypothermie_2019-08.pdf
17233594951544068431,030-137l_S1_Augenmotilitaetsstörung-inklusive-Nystagmus_2021-11.pdf
17254117961628115789,001-035l_S2e_paed_Emergence_Delir_2019-09-abgelaufen.pdf
17261055491783606097,057-008l_S3_Gestationsdiabetes-mellitus-GDM-Diagnostik-Therapie-Nachsorge_2019-06-abgelaufen.pdf
17319448389360780314,184-002l_S2k_Haeusliche-Versorgung-soziale-Teilhabe-und-Lebensqualitaet-bei-Menschen-mit-Pflegebedarf-COVID19-Pandemie_2023-01_1.pdf
17346697137035588008,050-001l_S3_Praevention-Therapie-Adipositas_2024-10.pdf
17364141603977164791,027-003l_S2k_Diagnostik-Therapie-der-hepatorenalen-Tyrosinaemie_-Typ-1__2022-12.pdf
17398034976319530016,042-011l_S1_Diagnostik-Therapie-Loiasis-Afrikanischer-Augenwurm__2024-06.pdf
17412639718256766443,012-020l_S2e_Proximale-Femurfrakturen-des-Kindes_2021-11_01.pdf
17476289024517964902,025-026l_S1_Kraniopharyngeom-im-Kindes-und-Jugendalter_2019-01-abgelaufen.pdf
17495191832520474208,030-046l_S2e_Akuttherapie-des-ischaemischen-Schlaganfalls_2022-11-verlaengert.pdf
17521193639921766483,001-036l_S1_Management-des-erwartet-schwierigen-Atemwegs-beim-Kind_2021-05.pdf
17596714024215881023,023-007l_S2k_Valvulaere_Pulmonalstenose_2018-09-abgelaufen.pdf
17604470490603930354,017-049_und_053-012l_S2k_Rhinosinusitis_2022-12-abgelaufen_01.pdf
17604470490603930354,017-049_und_053-012l_S2k_Rhinosinusitis_2022-12-abgelaufen.pdf
17614894481172853615,015-085l_S2k_Diagnostik-Therapie-vor-ART_2019-04.pdf
17639947763627386897,179-014l_S2k_Lebenslange-Nachsorge-fuer-Menschen-mit-Querschnittlaehmung_2022-12.pdf
17700240922194441896,083-042l_S3_Einsatz-von-Platelet-rich-Fibrin-PRF-in-der-dentalen-Implantologie_2023-09.pdf
17700526751287019853,024-019l_S2k_Frühgeburt_Grenze_Lebensfähigkeit_2021-01.pdf
17719347625393824297,076-006l_S3_Rauchen-_Tabakabhaengigkeit-Screening-Diagnostik-Behandlung_2021-03.pdf
177420882341472855,032-052OLl_S3_Praevention-Hautkrebs_2021-09.pdf
17755431072543899642,030-050l_S2k_Diagnose-Therapie-Multiple-Sklerose-Neuromyelitis-Optica-Spektrum-MOG-IgG-assoziierte-Erkrankungen_2025-02.pdf
17760620525181661310,078-007l_S1_Molekulargenetische-Diagnostik-Fragiles-X-Syndrom-andere-FMR1-assoziierte_Syndrome_2021-02.pdf
17760828466707448440,015-015l_S3_Hormonelle_Empfaengnisverhuetung_2020-09.pdf
17763855384017826144,043-022OLl_S3_Prostatakarzinom_2024-06.pdf
17766247561134672373,083-031l_S3_Ersatz-fehlender-Zaehne-Verbundbruecken_2020-02-abgelaufen.pdf
17795942893402194020,042-004l_S1_viszerale_Leishmaniasis_Kalar_Azar_2017-01-abgelaufen.pdf
17797910746757529476,030-071l_S3_Neuroborreliose_2024-05.pdf
17815081694723742960,023-013l_S2k_Atrioventrikulärer_Septumdefekt_AVSD_2024-12-abgelaufen.pdf
17835521694554993621,021-020l_S3_Divertikelkrankheit-Divertikulitis_2022-05.pdf
17858882549623114883,010-007l_S3_Spontanpneumothorax-postinterventioneller-Pneumothorax-Diagnostik-Therapie_2018-03-abgelaufen.pdf
17866367014468633772,015-083l_S3_Vaginale-Geburt-am-Termin_2021-03.pdf
17990352682497540268,012-004l_S1_Implantatentfernung-nach-Osteosynthese_2018-08-abgelaufen.pdf
18011966116021333058,006-016l_S1_Femurschaftfraktur-im-Kindes-und-Jugendalter_2023-04.pdf
18044997978199844722,025-005l_S1_Osteosarkome_2021-11.pdf
18098286564243089177,174-005l_S1_Hypoparathyreoidismus-Pseudohypoparathyreoidismus_2022-07.pdf
18133768291943304558,017-061l_S1_Tracheo_Bronchoskopie_2015-07-abgelaufen.pdf
18170118814187466708,013-024l_S1_Psychosomatische_Dermatologie_2018-05.pdf
18202656611458012897,064-019l_S1_Trauma-muskuloskelettales-Systems-Kinder-Jugendliche-Bildgebende-Diagnostik_2019-07-abgelaufen.pdf
18214410238948907111,028-031l_S2k_Suizidalitaet_KiJu_2016-07_01-abgelaufen.pdf
18218302732980912603,032-045OLl_S3_KF_Mammakarzinom_2025-05.pdf
18274685552962735183,006-130l_S1_Lungenfehlbildungen_2021-12.pdf
18282762898901413746,013-001l_S3_Therapie-Psoriasis-vulgaris_2024-04.pdf
18354760270639365268,030-013l_S2k_Therapie-Idiopathische-Fazialisparese-Bell’s-Palsy_2022-05.pdf
1840716646236005422,092-001l_S3_Strategien-zur-Sicherung-rationaler-Antibiotika-Anwendung-im-Krankenhaus_2020-02-abgelaufen.pdf
18431767366228675930,012-005l_S1_Vordere_Kreuzbandruptur_2019-02-abgelaufen.pdf
18437818584374339593,030-109l_S1_Botulismus_2024-05.pdf
18438496631552889181,187-038l_S1_Oberarmschaftfraktur_2022-09.pdf
1867034713652526615,001-034l_S1_Telemedizin_in-der-Intensivmedizin_2021-01_1.pdf
1882344959566564687,025-025l_S1_Ependymome-Kinder-Jugendliche_2023-09.pdf
1886828643336203427,083-022l_S3_Haeusliches-mechanisches-Biofilmmanagement-Praevention-Therapie-Gingivitis_2021-02-abgelaufen.pdf
1898241002525025987,013-077l_S1_Aesthetische_Botulinumtoxin_Therapie_2022-07.pdf
194911921214235352,179-012l_S2e_Ergebniserhebung-Erstbehandlung-nach-Querschnittlaehmung_2020-12.pdf
1991236849858092751,030-135l_S2e_Diagnostik-Therapie-Aufmerksamkeitsstoerungen-bei-neurologischen-Erkrankungen-Erwachsenene_2023-12.pdf
1997630419277811838,189-001l_S3_Therapie-primaerer-Antikoerpermangelerkrankungen-2019-05-verlaengert.pdf
2001289068424115061,022-016l_S1_Akute_Bewusstseinsstoerung_jenseits_der_Neugeborenenperiode_2021-01.pdf
2001689626463923399,038-022l_S3_Verhinderung-von-Zwang-Praevention-Therapie-aggressiven-Verhaltens_2018-11-abgelaufen.pdf
2059055757022604848,087-001l_S2k_Empfehlungen-strukturelle-Voraussetzungen-perinatologische-Versorgung-Deutschland__2021-04_01.pdf
2068623140355869257,001-038l_S1_Die-geburtshilfliche-Analgesie-und-Anaesthesie_2020-03.pdf
2078146240341336528,021-028l_S2k_Gastrointestinale_Blutung_2017-07-abgelaufen.pdf
2145276142286450668,025-015l_S1_Langerhanszell-Histiozytose-LCH-Kinder-Jugendliche_2023-05.pdf
2145707813460203831,011-018l_S2k_Behandlung-der-thorakalen-Aortendissektion-Typ-A_2021-02_1.pdf
2169199765232015404,065-003l_S3_Diagnostik-Therapie-Nachsorge-periphere-arterielle-Verschlusskrankheit_2024-11_2.pdf
2196683969724942871,016-001l_S2k_Chronischer_Unterbauchschmerz_Frau_2023-04.pdf
2213984867454013108,024-017l_S2k_Akutes_nicht_obstruktives_Lungenversagen_ARDS_2021-08.pdf
222426805608209996,045-028l_S1_Anteriore-ischaemische-Opticusneuropathie-AION_2024-09.pdf
2227946129178619016,061-031l_S2k_Management_IgE-vermittelter_Nahrungsmittelallergien_2025-02-verlaengert.pdf
224128300607682189,037-009l_S2k_Diagnostik-Therapie-Ulcus-cruris-venosum__2024-01_1.pdf
2245153861086372101,065-002l_S2k_Venenthrombose-Lungenembolie_2023-09.pdf
2272086481321120286,017-025l_S2k_Obstruktive_Sialadenitis_2024-11-abgelaufen.pdf
2287821945690084583,079-001l_S3_Sepsis-Praevention-Diagnose-Therapie-Nachsorge_2020-03_01-abgelaufen.pdf
2330001515420651376,060-012l_S3_Diagnostik-Therapie-ANCA-assoziierten_Vaskulitiden_2024-08_2_01.pdf
2356295410371982887,030-104l_S1_Tetanus_2024-05.pdf
2370994124391541202,068-015l_S2k_Cholestase-im-Neugeborenenalter_2022-08.pdf
237174458768192134,013-018l_S3_Durchfuehrung-Epikutantest-Kontaktallergene-Arzneimittel_2019-05-abgelaufen.pdf
2409385466568685300,179-006l_S2k_Schmerzen_Querschnittlaehmung_2018-08-abgelaufen.pdf
242360775244680648,083-043l_S3_Behandlung-von-Parodontitis-Stadium-I-III_2021-02_2.pdf
2435981746188789046,030-124l_S2e_Diagnostik_Therapie_Gedächtnisstörungen_2025-03-abgelaufen.pdf
2455672269149691808,013-076l_S1_Bildgebende-Diagnostik-von-Hauterkrankungen_2024-11.pdf
2456486088424021511,174-006l_S1_primaerer-Hyperparathyreoidismus_2016-05-abgelaufen.pdf
2512281077043524095,018-029OLl_S3_Hodgkin-Lymphom_Erwachsene_Diagnostik_Therapie_Nachsorge_2022-10.pdf
2547380215726910071,045-013l_S2e_Retinale-arterielle-Verschluesse-RAV_2022-10.pdf
2586241974553139756,113-004l_S1_Nachhaltigkeit-Intensivmedizin-Notfallmedizin_2024-12.pdf
2593029703766769803,049-013l_S3_Redeflusstoerungen_2016-09-abgelaufen_03.pdf
2605337562809446790,075-004l_S2k_Haendedesinfektion-und-Haendehygiene_2023-09.pdf
2613034937470882848,028-020l_S3_Stoerungen_des_Sozialverhaltens_2018-09_1.pdf
2630682570654855034,053-046l_S2k_Erhoehter-TSH-Wert-in-der-Hausarztpraxis_2024-07.pdf
2640555680597018885,024-003l_S2k_Neugeborenen-Transport_2024-08.pdf
2687237809258271825,155-001l_S3_Posttraumatische_Belastungsstoerung_2020-02_1.pdf
2707964660445487379,174-003l_S1_Adrenogenitales-Syndrom-AGS-im-Kindes-und-Jugendalter_2022-03_1.pdf
2720345390934665427,030-079l_S2k_Status_epilepticus_im_Erwachsenenalter_2022-03.pdf
2730520154806002419,057-016l_S3_Diagnostik-Therapie-Verlaufskontrolle-Diabetes-mellitus-Kinder-Jugendliche_2023-11.pdf
2734232812870482922,030-087l_S2k_Diagnostik-Therapie-myasthener-Syndrome_2025-01.pdf
2744930423681621741,083-011l_S3_Indikationen-implantologische-3D-Rorntgendiagnostik-navigationsgestuetzte-Implantologie_2023-08.pdf
2802606168370144042,022-020l_S2k_Visuelle-Wahrnehmungsstoerungen_2017-12-abgelaufen.pdf
2803306012274356729,053-013l_S3_akuter-und-chronischer-Husten_2022-01.pdf
2816501678910220130,083-039l_S3_Keramikimplantate_2024-01.pdf
2833659122157997025,053-059l_S2k_Klimabewusste-Verordnung-Inhalativa_2024-04.pdf
2841012366963197608,017-060l_S1_Oesophagoskopie_2021-07.pdf
2860272614274183020,017-050l_S2k_Riech-und-Schmeckstörungen_2023-09.pdf
2862110868402978111,015-095l_S2k_Nicht-hormonelle-Empfaengnisverhuetung_2024-08.pdf
2862812354636230386,064-011l_S1_Kopfschmerzen-Kinder-Jugendlichen-Bildgebende-Diagnostik_2023-07.pdf
2866542321954894505,015-052l_S1_Weibliche_genitale_Fehlbildungen_2020-06.pdf
3023556082807557826,021-031l_S1_Versorung-von-Lebertransplantations-Patienten-waehrend-Covid-19-Pandemie_2022-06_1-verlaengert.pdf
30497994456634251,nvl-006l_S3_Chronische_Herzinsuffizienz_2023-12.pdf
3143834255101536323,038-009l_S3_Schizophrenie_2019-03-abgelaufen.pdf
3149343620753950728,187-006l_S2k_Aerztliche-Begutachtung-chronische-Schmerzen_2023-08_2.pdf
3150313311078152933,032-038OLl_S3_Frueherkennung-Diagnose-Therapie-Nachsorge-Harnblasenkarzinom_2025-04.pdf
3168789968745225668,025-028l_S1_Keimzelltumoren-des-Zentralnervensystems-ZNS_2022-01.pdf
3181725829407938014,006-129l_S1_Wunden_Wundbehandlung_2021-08.pdf
3204217294621430521,025-006l_S1_Ewing-Sarkom-Kinder_-Jugendliche_2022-02_01.pdf
3230939603985287154,026-025l_S22k_Atemwegsendoskopie-im-Kindesalter_2020-11.pdf
3231883298674341815,013-072l_S2k_Extrakorporale-Photopherese-ECP_2022-02.pdf
3251150369557606431,032-027l_S2k_Kutane_Lymphome_2021-12.pdf
3267361284614829947,045-023l_S1_Erbliche-Netzhaut-Aderhaut-Sehbahn-Erkrankungen_2021-09_01.pdf
3270688522137419869,002-010l_S2e_Arbeit-unter-Einwirkung-von-Infrarotstrahlung-Wärmestrahlung_2019-08_1-abgelaufen.pdf
3276401925078399440,030-083l_S1_Transiente_globale_Amnesie_2023-01_01.pdf
3292737423630004961,053-063l_S1_Umgang-mit-dem-Wunsch-nach-Suizidassistenz-Hausarzt-Praxis_2024-09.pdf
3303588674775973474,013-048l_S2k_Diagnostik-Therapie-des-chronischen-Pruritus_2025-04_01.pdf
3321858115775518819,051-029l_S2k_Begutachtung-psychischer-psychosomatischer-Stoerungen_2025-01-abgelaufen.pdf
3345788495591709636,093-001l_S2k_Labordiagnostik-schwangerschaftsrelevanter-Virusinfektionen_2022-02.pdf
3387387095024085122,028-026l_S2k_Enuresis-und-nicht-organische-funktionelle-Harninkontinenz_2021-12.pdf
3398451620905506282,083-028l_S3_Direkte-Kompositrestaurationen-bleibende-Zaehnen-Front-Seitenzahnbereich_2024-05.pdf
3402951246057195486,059-006l_S2k_Sexuell-uebertragbare-Infektionen-Beratung-Diagnostik-Therapie-STI_2019-09-abgelaufen.pdf
3409965672651979699,030-105l_S1_Intrakranieller-Druck-ICP_2024-07.pdf
3417670555497727559,028-042l_S2k_Intelligenzminderung_2021-09.pdf
3449648625192679585,015-006l_S2e_Descensus_genitalis-Diagnostik-Therapie_2016-11-abgelaufen.pdf
3477659895826130719,187-007l_S2k_Synovialektomie_2022-04_1.pdf
3494215247052765414,015-063l_S2k_Peripartale_Blutungen_Diagnostik_Therapie_PPH_2022-09_2.pdf
3499575576236675319,064-017l_S1_Erbrechen-Kinder-Jugendliche-Bildgebende_Diagnostik_2023-07.pdf
3572568444690349928,028-041l_S2k_Psychische_Stoerungen_Saeugling_Kleinkind_Vorschulalter_2025-03.pdf
3575950835692905197,025-029l_S2k_Diagnostik-Therapie-der-sekundaeren-Eisenueberladung-bei-Patienten-mit-angeborenen-Anaemien_2022-03_1.pdf
3672414807321939159,030-130l_S2e_Neuropathien_Neuritiden_2019-03-abgelaufen.pdf
367841937377402257,027-020l_S2k_Juvenile_Idiopathische_Arthritis_2024-12-abgelaufen.pdf
368130660039767441,033-048l_S2k_Konservative-operative_rehabilitative-Versorgung-Bandscheibenvorfall-radikulae_2021-06_01.pdf
3713611389259139367,023-043l_S2k_Truncus_arteriosus_communis_TAC_Kinder_Jugendliche_2025-03-abgelaufen.pdf
3731771862439432240,075-005l_S2k_Hygienische-Anforderungen-Patientenbetten-Bettwaesche-Bettenzubehoer-Personalschutz-Umgang-Betten_2025-01_01.pdf
3743703229248528187,189-002l_S1_Organisatorische-strukturelle-Voraussetzungen-_Versorgung-Kinder-schwere-angeborene-T-zellulaere-Immundefekte_2025-01.pdf
3791295191717947230,049-008l_S2k_Diagnostik-Therapie-Stoerungen-der-Stimmfunktion-Dysphonien_2023-01.pdf
3855649847099616712,187-004l_S3_Indikation_Knieendoprothese_2023-06.pdf
3882354656033220345,067-009l_S3_PAP_2025-02.pdf
3887365993540963395,027-006l_S3_Diagnostik-Therapie-Harnstoffzyklusstoerungen_2018-06-abgelaufen.pdf
3953153123179607551,061-004l_S2k_Allergen-Immuntherapie-bei-IgE-vermittelten-allergischen_Erkrankungen_2022-10.pdf
3966659460734392535,030-101l_S1_Neurosyphilis_2020-06.pdf
3966689852581019540,043-044l_S3_Epidemiologie-Diagnostik-Therapie-Praevention-Management-Harnwegsinfektione-Erwachsene-HWI_2024-09.pdf
3976103236653136244,008-010OLl_S3_Perioperatives-Management-bei-gastrointestinalen-Tumoren-POMGAT_2023-12.pdf
4000135699740359684,001-032l_S1_S1_Perioperative-Infusionstherapie-Kinder_2021-07.pdf
4020226749838293502,025-037l_S1_Atypische-Teratoide-Rhabdoide-Tumoren_2024-05.pdf
4024910135792949571,013-007l_S1_Diagnostik-Therapie_Anakekzem_2024-11.pdf
4027951237707301915,023-025l_S2k_Myokarditis-im-Kindes-und-Jugendalter_2022-10.pdf
4036385286595063148,020-010l_S2k_Diagnostik-Begutachtung-Quarzstaublungenerkrankung-Silikose_2016-12-abgelaufen.pdf
4095550916251038618,012-025l_S2e_Kniegelenkluxation-2021-02_01.pdf
4097508460264334465,072-001l_S2k_Tauchunfall_2023-03.pdf
4141702851374411089,020-009l_S2k_Fachaerztliche-Diagnostik-Therapie-von-Asthma_2023-07.pdf
4221241589680335428,023-041l_S2k_Ebstein-Anomalie-der-Trikuspidalklappe_2022-01.pdf
4254328262246885585,023-006l_S2k_Chronische_Herzinsuffizienz_Kinder_Jugendliche_2015-10-abgelaufen.pdf
4265634006858619468,053-007l_S1_Nackenschmerz_2017-01-abgelaufen.pdf
4294216545395039444,060-011l_S2e_Diagnostik-Therapie-des-adulten-Still-Syndroms-AOSD_2023-11.pdf
4301717201437267242,060-007l_S2k_Management_Großgefäßvaskulitiden_2020-08.pdf
4355541753879156646,045-012l_S2k_Diagnostik-antientzuendliche-Therapie-Uveitis-juveniler-idiopathischer-Arthritis_2021-06-verlaengert.pdf
4355742828901111479,032-056l_S1_Kutane-Angiosarkome__2021-03.pdf
4357201895523291384,030-114l_S2k_Diagnose-nicht-interventionelle-Therapie-neuropathischer-Schmerzen_2023-07-abgelaufen.pdf
4403464497735320048,028-046l_S3_Rechenstörung-2018-03_1-abgelaufen.pdf
4424224447071531048,017-074l_S2k_Chronisch-mesotympanale-Otitis-media_2020-11_01.pdf
4431093040366823106,083-020l_S3_Zahnbehandlungsangst-beim-Erwachsenen_2024-11-abgelaufen.pdf
4456462948210629104,030-037l_S1_Crampi-Muskelkrampf_2024-02.pdf
446538381073033249,179-009l_S2e_Rehabilitation-untere-Extremitaet-Stehfunktion-Gehfunktion-Querschnittlaehmung_2024-07_1.pdf
4479172599908024835,053-006l_S3_Pflegende-Angehoerige-von-Erwachsenen_2019-03-abgelaufen.pdf
4495183406989340463,174-004l_S1_Kleinwuchs_2023-07.pdf
4525884995802484374,080-001l_S3_Rehabilitative_Therapie_bei_Armparese_nach_Schlaganfall_2025-04-abgelaufen.pdf
4534491497842282260,049-015l_S3_Therapie_von_Sprachentwicklungsstörungen_Text_2022-12.pdf
4625084670329289565,073-019l_S3_Klinische-Ernaehrung-Hydrierung-im-Alter_2025-02.pdf
4642634164464951730,030-054l_S2k_Myositissyndrome_2024-10-verlaengert.pdf
464786873718071838,013-059l_S1_Definition-Therapie-primaeren-Hyperhidrose_2023-07.pdf
4742898142285905263,007-100OLl_S3-Diagnostik-Therapie-Mundhoehlenkarzinom_2021-03.pdf
4775840710684416736,020-025l_S2k_Idiopathische-Lungenfibrose-Update-medikamentoese-Therapie_2022-11.pdf
4793745857301445905,025-035l_S3_KF_Palliativversorgung-Kinder-Jugendliche-Krebserkrankung_2025-04.pdf
4814546123068620288,006-040l_S1_Proximale_Humerusfrakltur-beim-Kind_2021-10_1.pdf
4832557484532231565,080-002l_S2k_Prolongierte-Beatmungsentwoehnung-neurologische-neurochirurgische-Fruehrehabilitation_2025-04.pdf
4834722762977705977,031-042l_S1_Nierenfunktionsszintigraphie-mit-ohne-Furosemid-Diurese-Kinder-Erwachsene_2024-04.pdf
4858019572897422730,023-032l_S2k_Akute-Herzinsuffizienz-mechanische-Kreislaufunterstuetzung__2025-03-abgelaufen.pdf
4864993956035614282,025-004l_S1_Nephroblastom_Wilms-Tumor_2016-06-abgelaufen.pdf
4870405487245182052,030-052l_S1_Zervikale-spondylotische-Myelopathie_2017-08_02-abgelaufen.pdf
4942918826667631015,020-002l_S2k_Langzeit_Sauerstofftherapie_2020-08.pdf
4958109108251667540,020-008l_S3_Nichtinvasive-Beatmung-Therapie-chronische-respiratorische-Insuffizienz_2024-07.pdf
4966114256837977356,006-001l_S1_Aganglionose_Morbus_Hirschsprung_2016-05-abgelaufen.pdf
500851584144075505,087-002l_Indikationen-Einweisung-Schwangere-Krankenhaus-adaequate-Versorgungsstufe_2024-03.pdf
5028334325428065271,179-013l_S2e_Verbesserung-der-Funktionsfaehigkeit-der-oberen-Extremitaeten-bei-zervikaler-Querschnittlaehmung_2020-10.pdf
5046050236632349232,187-020l_S2e_Schultersteife_2022-07.pdf
5052448079183865855,020-036l_S2k_Diagnostik-Therapie-der-exogen-allergischen-Alveolitis-EAA_2024-07.pdf
5060466370989499603,043-050l_S2k_Diagnostik_Therapie_Interstitielle_Cystitis_2018-10.pdf
5061277728898654421,049-016l_S3_Oropharyngeale-Dysphaghie-infolge-Kopf-Hals-Tumor-Erkrankung-Diagnostik-Therapie_2025-04.pdf
5065066502169715806,006-026l_S2k_Operative-Behandlung-distale-mittlere-proximale-Hypospadie_2021-09-verlaengert.pdf
507603385794473426,055-004l_S2k_Medikamentoese-Postexpositionsprophylaxe-PEP-nach-HIV-Exposition_2022-06.pdf
5088347187879863134,185-004l_S1_Chronisch-nicht-bakterielle-Osteomyelitis-im-Kindesalter_2023-06.pdf
5114198629855430491,017-021l_S2k_Adenoide-Vegetationen_2023-02.pdf
5181395370138665516,015-050l_S2k_Diagnostik-Therapie-wiederholte-Spontanaborte_2022-08.pdf
5197360712532929229,030-049l_S1_Mitochondriale-Erkrankungen_2021-02_01.pdf
5206151230506460372,037-018l_S2k_Varikose_Diagnostik-Therapie_2019-07-abgelaufen.pdf
5228816695322192244,006-120l_S2k_Polytraumaversorgung-im-Kindesalter_2021-02.pdf
5249203011437218888,006-022l_S2k_Hodenhochstand_Maldescensus-testis_2018-08-abgelaufen.pdf
5252928671936816312,186-001l_S3_Transition_Paediatrie_Erwachsenenmedizin_2021-04-verlaengert.pdf
5270633411115603142,053-024l_S3_Hausaerztliche_Risikoberat_kardiovask_Praevention_2018-09-abgelaufen.pdf
5298151506472308770,073-021l_S3_Heimenterale-heimparenterale-Ernaehrung__2024-05.pdf
5330526288170614551,031-033l_S1_Nuklearmedizinische-Waechter-Lymphknoten-Diagnostik_2024-04.pdf
534450749208395789,023-038l_S2k_Pulmonale-Hypertonie_2021-02_01.pdf
5355457367287097071,083-041l_S3_Materialunvertraeglichkeiten-bei-dentalen-enossalen-Implantaten_2023-05_1.pdf
5377671455552162416,089-002l_S2k_Diagnostik-Therapie-hormonaktiver-Hypophsenaddenome_2025-01-abgelaufen.pdf
5495321532409518310,020-013l_S3_Epidemiologie-Diagnostik-Therapie-erwachsener-Patienten-nosokomiale-Pneumonie__2024-03.pdf
5528223727540201412,021-007OLl_S3_Kolorektales-Karzinom-KRK_2019-01-abgelaufen.pdf
5539192167981643696,084-001l_S2e_Harninkontinenz-bei-geriatrischen-Patienten-Diagnostik-Therapie_2024-01_1.pdf
5544615730424840159,040-013l_S1_Zuteilung-intensivmedizinscher-Ressourcen-im-Kontext-der-COVID-19-Pandemie-Klinisch-ethische_Empfehlungen_2021-12_1-abgelaufen.pdf
554939027894621152,080-007l_S2e_Multimodale-Neurorehabilitationskonzepte-Post-Intensive-Care-Syndrom-PICS_2023-02.pdf
5560856294880363981,006-052l_S2k_Phimose-Paraphimose-Kinder-Jugendliche_2025-02-verlaengert.pdf
5587823293172289111,058-001l_S2k_Diagnostik_und_Therapie_der_Lymphoedeme_2019-07-abgelaufen.pdf
5592954745830806308,040-016l_S2k_Intravenoese_Fluessigkeitstherapie-bei-Kindern-jenseits-der-Neugeborenenperiode_2022-11.pdf
55970798440363030,015-082l_S2k_Fertilitaetserhaltung-bei-onkologischen-Therapien_2017-12-verlaengert.pdf
5604251049620854465,037-007l_S1_Intermittierende-pneumatische-Kompression-IPK-AIK_2018-07-abgelaufen.pdf
5616632147429928876,055-002l_S2k_HIV-Therapie-Schwangerschaft-und-HIV-exponierten_Neugeborenen_2020-10-verlaengert.pdf
5616940831705821568,030-145l_S2k_Palliativmedizinische-Versorgung-neurologischer-Erkrankungen_2023-04.pdf
5640233916575831704,027-067l_S3_Diagnostik-Therapie-Management-Methylmalonazidaemien-Propionazidaemien_2025-04.pdf
5642802268757999183,023-035l_S2k_Periphere_Pulmonalarterienstenosen_2018-09-abgelaufen.pdf
5651937692039467720,013-063l_S1_Analer-Pruritis_2024-11.pdf
5657095324364060189,017-082OLl_S3_Diagnostik-Therapie-Praevention-Nachsorge-Oro-und-Hypopharynxkarzinom_2024-03.pdf
5684435046857203076,084-002l_S1_Geriatrisches-Assessment-Stufe-2_2025-02.pdf
5728523299761314972,080-008l_S2k_COVID-19-und-Frueh-Rehabilitation_2024-01.pdf
580904527429589709,022-027l_S2k_Differentialdiagnose-erworbene-hereditaere-Neuropathie-Kinder-Jugendliche_2021-07_1.pdf
5809544006163574752,008-023l_S3_Epidurale-Rueckenmarkstimulation-Therapie-chronische-Schmerzen_2024-05.pdf
5823646774097664461,026-024l_S3_Mukoviszidose-Kinder-in-den-ersten-beiden-Lebensjahren-Diagnostik-Therapie_2024-09-abgelaufen.pdf
5826482782418218475,020-015l_S2k_Prolongiertes_Weaning_2024-08_abgelaufen.pdf
5866879510165928545,053-011l_S3_Schlaganfall_2025-03-abgelaufen.pdf
5885145689370894714,081-004OLl_Analkarzinom_Diagnostik-Therapie-Nachsorge-Analkanalkarzinom-Analrandkarzinom_2020-12.pdf
5885177957756308375,043-053l_S2k_Medikamentoese-Therapie-neurogene-Dysfunktion-des-unteren-Harntraktes-NLUTD_2022-02.pdf
5895835026699590999,042-002l_S1_Diagnostik-Therapie-Amoebiasis__2022-05-verlaengert.pdf
5906509949010546191,030-002l_S2k_Behandlung-von-spontanen-intrazerebralen-Blutungen_2025-01_verlaengert.pdf
5913249349179885495,015-027OLl_Praevention_Zervixkarzinom_2020-03-verlaengert.pdf
5945693193174158271,166-001l_S2e_Idiopathisches_Nephrotisches_Syndrom_Kinderalter_2020-09-verlaengert.pdf
5947333757467281211,015-062l_S3_HT_Peri-Postmenopause-Diagnostik-Interventionen_2021-01.pdf
5950341915202670422,007-086l_S2k_Odontogene-Sinusitis-maxillaris_2019-06-abgelaufen.pdf
5970551100774645693,013-055l_S1_Kontaktekzem_2021-11.pdf
5978298939042403857,073-004l_S2k_Klinische-Ernaehrung-Intensivmedizin_2019-11-abgelaufen.pdf
599568855119892009,083-026l_S3_Zahnimplantate_Knochenantiresorptive_Bisphosphonate_2016-11-abgelaufen.pdf
6012160011056142560,002-035l_S1_Radon-in-Innenraeumen_2022-02.pdf
6072113738347687118,030-057l_S1_Therapie-der-Migraeneattacke-Prophylaxe-der-Migraene_2024-06.pdf
6105687609531993479,030-081l_S2k_Restless-Legs-Syndrom_2024-01.pdf
6119173976994999150,088-012l_S2k_Diagnostik_Therapie_Nachsorge_low-grade_muzinoese_Neoplasien_Appendix_2025-02.pdf
6137193474851938797,013-065l_S2k_Rosazea_2022-02.pdf
6167149105899136942,032-026l_S1_Dermatofibrosarcoma-protuberans-DFSP_2019-04-abgelaufen.pdf
6172833493828551414,032-023l_S2k_Merkelzellkarziom-MZK-MCC-neuroendokrines-Karzinom-der-Haut_2025-01-verlaengert.pdf
620756891049266952,007-065l_S3_Kondylushypoplasie_Kondylushyperplasie_2023-11.pdf
6212608135300899649,083-037l_S1_Okklusale-Dysaesthesie–Diagnostik-Management_2025-03.pdf
6222390247907819798,022-021l_S1_Ketogene_Diaeten_2022-02.pdf
6243373246827396753,007-089l_S3_Implantat-Versorgung-orale-Rehabilitation-Kopf-Hals-Bestrahlung_2023-05_01.pdf
6294009701675160659,007-061l_S3_Inflammatorische-Erkrankungen-des-Kiefergelenks-JIA-RA_2021-08.pdf
6314486766355693028,061-016l_S3_Allergiepraevention_2022-11.pdf
632205323867979029,001-012l_S3_Analgesie-Sedierung-Delirmanagement-in-der-Intensivmedizin-DAS_2021-08.pdf
6343278427291587865,187-053l_S2k_Kindlicher-Knick-Senkfuss_2022-11.pdf
6355038907909367516,038-020l_S3_Psychosoziale_Therapien_bei_schweren_psychischen_Erkrankungen_2019-07.pdf
6386825260214077003,113-002l_S1_Intensivpflegerische-Versorgung-PatientenInnen-mit-Infarktbedingten-kardiogenen-Schock_2022-05.pdf
638718832735002267,013-029l_S1_UV-Phototherapie__Photochemotherapie_2015-08-abgelaufen.pdf
6391712944965645481,007-006l_S3_Odontogene_Infektionen_2017-12-abgelaufen.pdf
6474609978140933901,007-063l_S3_Kiefergelenkluxation_2022-08_1.pdf
6531070461396990735,030-089l-S2k_Ambulant-erworbene-bakterielle-Meningoenzephalitis-im-Erwachsenenalter_2023-05.pdf
6543560444400606147,032-053OLl_S3_Diagnostik-Therapie-Hepatozellulaeres-Karzinom-biliaere-Karzinome_2024-11.pdf
6558204546760298374,083-025l_S3_Zahnimplantate-bei-Diabetes-mellitus_2023-05.pdf
6564012111613932239,078-015l_S2k_Humangenetische_Diagnostik_Genetische_Beratung_2019-08-abgelaufen.pdf
6564909391165432285,001-049l_S1_Intraoperative-klinische-Anwendung-von-haemodynamischem-Monitoring-bei-nicht-kardiochirurgischen-PatientInnen_2023-10.pdf
6581221827969477104,054-002l_S1_Regeln-zur-Durchfuehrung-der-aerztlichen-Leichenschau_2023-03.pdf
6605549073441777506,043-017OLl_S3_Diagnostik-Therapie-Nachsorge-Nierenzellkarzinom_2024-10.pdf
662828801520863437,001_044l_S1Praevention-Therapie-systemischen-Lokalanaesthetika-Intoxikation-LAST_2025-01-abgelaufen.pdf
6663789037764881342,031-006l-S1_Myokard-Perfusions-SPECT_-CT___2023-08.pdf
6683936504644561467,043-049OLl_S3_Keimzelltumoren-Hoden-Diagnostik-Therapie-Nachsorge_2020-03-abgelaufen.pdf
6706055251308871862,182-002l_S2e_Kardiopulmonale-Reanimation-Schwerelosigkeit-Cardiopulmonary-resuscitation-CPR-during-spaceflight_2022-07.pdf
6725434432334045944,030-126l_S2k_Diagnostik-Therapie-Neglect-andere-Stoerungen-der-Raumkognition_2023-03.pdf
6781043890784568071,174-007l_S1_Vitamin-D-Mangel_Rachitis_2022-07.pdf
6796796991556733029,179-011l_S2k_Atmung-Atemunterstuetzung-Beatmung-bei-akuter-und-chronischer-Querschnittlaehmung_2022-11.pdf
680492947459230687,032-025l_S1_Kaposi-Sarkom_2022-03.pdf
6853358882228996851,026-022l_S3_Lungenerkrankung-bei-Mukoviszidose-Pseudomonas-aeruginosa__2023-02_02.pdf
685378219981216103,030-118l_S1_Leukodystrophien-hereditaere-Leukencephalopathien-Erwachsene_2023-01-verlaengert.pdf
6872852138389501773,185-002l_S2k_Immunglobulin_A_Vaskulitis_Purpura_Schönlein-Henoch_2022-08.pdf
6917808131464835430,062-006l_S1_Therapie-anderer-primaerer-Kopfschmerzerkrankungen_2024-12.pdf
6930673830922075355,nvl-009l_S3_Hypertonie_2023-06.pdf
6945857258327594810,020-016l_S2k_Diagnostik-Idiopathische-Lungenfibrose_2025-01-abgelaufen.pdf
6954748193514877810,030-100l_S1_Virale_Meningoenzephalitis_2025-02.pdf
6985350247519371914,013-012l_S2k_Therapie-Hidradenitis-suppurativa-Acne-inversa_2024-08.pdf
7006864518505705723,025-017l_S1_Thalassaemien_2023-02_1.pdf
7007614132431701872,007-038l_S3_Therapie-Lippen-Kiefer-Gaumenspalten_2025-01.pdf
7012927636386550611,028-007l_S3_Zwangsstoerungen_Kindes-_und_Jugendalter_2021-06.pdf
7037830451462360597,020-028l_S1_Interdisziplinaere-Diagnostik-interstitieller-Lungenerkrankungen-im-Erwachsenenalter_2023-01_1.pdf
7073393121929958528,083-024l_S3_Implantate_bei_Zahnnichtanlagen_2018-02.pdf
7093911736281561247,030-080l_S1_Stiff-Man-Syndrom_2017-11-abgelaufen.pdf
7101253300116234595,025-038l_S3k_Strukturelle-Voraussetzungen-paediatrische-onkologische-haematologische-Versorgung__2024-08.pdf
7160593946989768566,021-016l_S3_Definition-Pathophysiologie-Diagnostik-Therapie-Reizdarmsyndroms_2022-02.pdf
7173992494959459688,031-025l_S1__99mTc_Tc-DMSA-Szintigraphie-Kinder__2024-03.pdf
7189273373536057101,023-036l_S2k_Subvalvulaere_Aortenstenose_2018-10-abgelaufen.pdf
721705532445983761,002-030l_S2k_Gesundheitliche-Aspekte-Gestaltung-Nacht-und-Schichtarbeit_2020-03.pdf
7237135799435202496,083-021l_S3_Kariespraevention-bei-bleibenden-Zaehnen-grundlegende-Empfehlungen_2025-04.pdf
7252855611576599344,039-093l_S1_Radiologische-Diagnostik-im-Kopf-Hals-Bereich_2021-02.pdf
7309279576782330102,174-009l_S1_Vitamin-D-abhaengige-Rachitiden_2022-08.pdf
7317921035884009649,023-046l_S2k_Herztransplantation-Kinder-Jugendliche_Erwachsene-EMAH-angeborene-Herzfehler_2024-12-abgelaufen.pdf
7331890313481401315,006-128l_S2K_Behandlung-thermische-Verletzungen-Kinder-Verbrennung-Verbruehung_2024-08_1.pdf
7396299505809108358,025-008l_S1_Neuroblastom_2019-07-abgelaufen.pdf
7403340502926727531,179-008l_S1_Querschnittspezifische_Dekubitusbehandlung_Dekubituspraevention_2017-08-abgelaufen.pdf
7407642390898240777,017-073l_Implantierbare-Hoergeraete_2018-06-abgelaufen.pdf
7428282786396691293,064-010l_S1_Wachstumsstoerung-Kinder-Bildgebende-Diagnostik_2023-07.pdf
7432271945402379205,030-010l_Parkinson_Krankheit_2023-11_1.pdf
743526893197899717,021-013l_S2k_Gastrooesophageale-Refluxkrankheit-eosinophile_Oesophagitis_2023-09.pdf
7457279351339117665,045-015l_S2e_Bewertung-Risikofaktoren-Offenwinkelglaukoms_2024-03.pdf
7521328003674445197,017-070l_S2k_Formstoerungen-innere-aeussere-Nase_2022-06.pdf
7552657033047749695,043-042OLl_S3_Peniskarzinom_2020-08.pdf
7569896319845270232,166-005l_S3_Abklaerung-Mikro-Haematurie-Kinder-junge-Erwachsenen-Frueherkennung-Nierenerkrankungen_2024-10.pdf
7578788637274890772,001-016l_S3_Intensivmedizinische_Versorgung-Haemodynamisches-Monitoring_2018-06-abgelaufen.pdf
7581920108487272184,023-027l_S2k_Akutes-rheumatisches-Fieber-Poststreptokokken-reaktive-Arthritis_2024-04.pdf
7593693970289694099,025-003l_S2k_Langzeit-Nachsorge-krebskranke-Kinder-Jugendliche–Vermeiden-Erkennen-Behandeln-Spaetfolgen_2025-05.pdf
7602642691590368894,025-012l-S1_Hodgkin_Lymphom_2019-01-abgelaufen.pdf
7658288052241766052,045-027l_S1_Virale_anteriore_Uveitis_2022-08.pdf
7676947736159477918,044-001l_S2k_Behandlung-thermischer-Verletzungen-des-Erwachsenen_2021-07.pdf
7699151672331929349,025-007l_S1_Rhabdomyosarkome_2024-03.pdf
7699185152199883824,017-068l_S3_Diagnostik_Therapie_Schnarchen_Erwachsene_2019-8-abgelaufen.pdf
7706695388715706525,020-027l_S1_Long-Post-Covid_2024-06_1.pdf
7752095153324956185,015-059l_S2k_Vulvakarzinom_und_Vorstufen_Diagnostik_Therapie_2016-10-abgelaufen.pdf
7761691807526674894,007-092l_S2k_orale_Vorlaeuferlaesion_Plattenepithelkarzinom_2024-09-abgelaufen.pdf
7767381724170332027,025-021l_S1_Eisenmangelanaemie_2021-11.pdf
7780556592561649456,081-009l_S3_Sinus_pilonidalis_2025-04-abgelaufen.pdf
7816924963875210269,043-048l_S2k_Management-Durchfuehrung-Intermittierender-Katheterismus-neurogene-Dysfunktion-unterer-Harntrakt_2020-02_1_01.pdf
7848230146860786810,032-055OLl__S3_Komplementaermedizin-in-der-Behandlung-von-onkologischen-PatientInnen-2025-06.pdf
7876245784374927275,030-131l_S1_Kopfschmerz-Uebergebrauch-Schmerzmittel-Migraenemittel-Medication-Overuse-Headache-MOH_2022-04.pdf
78835604962724251,187-001l_S3_Indikationskriterien_Hüfttotalendoprothese_bei_Coxarthrose_2021-04.pdf
788563543352237742,083-015l_S2k_Diabetes-Paradontitis_2024-10.pdf
7886071790001239128,086-001l-S2k-Neu-diagnostizierte-Immunthrombozytopenie-Kindesalter-Jugendalter_2019-06-abgelaufen.pdf
7925397783784843154,007-064l_S3_Ankylose_Unterkieferhypomobilität_2016-07-abgelaufen.pdf
7946354760802947328,002-046l_S2k_Exoskelette_2020-07-verlaengert_01.pdf
7971331849017655822,053-043l_S3_Multimedikation_2021-08.pdf
8015029372674992015,113-001l_S3_Empfehlungen-zur-Therapie-von-Patienten-mit-COVID-19_2025-04.pdf
8021661862254757815,006-087l_S1_Zwerchfellhernie_Zwerchfelldefekt_Congenital_Diaphragmatic_Hernia_CDH_2016-05-abgelaufen.pdf
80408479062470121,030-123l_S2k_Rehabilitation-von-sensomotorischen-_Stoerungen_2023-05.pdf
8075060373091368046,031-052l_S1_Beta_Amyloid-PET-Bildgebung_Gehirn_2019-01-abgelaufen.pdf
8079979496105746565,061-025l_S2k_Akuttherapie-Management-Anaphylaxie_2021-10.pdf
8105392649008193454,017-075l_S2k_Hypersalivation_2018-11.pdf
8110589701188933185,022-005l_S1_Fieberkraempfe-im-Kindesalter_2021-09.pdf
8117402395671773901,091-001l_S3_Lokaltherapie-schwerheilender-chronischer-Wunden_2023-11.pdf
8120232633368582481,088-011l_S1_Therapie-akute-Appendizitis-bei-Erwachsenen_2021-12.pdf
8138154554359980572,012-017l_S2e_Patellafraktur_2021-02_01.pdf
8140113960669983512,028-012l_S1_Nicht-organische-Schlafstoerungen_2022-01-abgelaufen.pdf
8182675178748743947,024-012l_S2k_Neugeborenen-Screening-Stoffwechselstoerungen-Endokrinopathien-Immundefekte_2025-05.pdf
824995447013037271,051-028l_S3_Behandlung-von-Angststoerungen_2021-06.pdf
8254094723175235429,002-045l_S2k_Arbeiten-unter-klimatischen-Belastungen_2022-08.pdf
8257728596914678244,030-119l_S1_Hypoxisch-ischaemische-Enzephalopathie-HIE-im-Erwachsenenalter_2025-02.pdf
832941206129921246,018-039l_S1_Priorisierung-Ressourcenallokation-Pandemie-Krebsversorgung-gastrointestinaler-Tumoren_2023-04.pdf
8332749292833464406,043-054l_S2k_Hilfsmittelberatung-Harninkontinenz_2025-02.pdf
8371932711427536592,184-001l_S2e_Soziale-Teilhabe-Lebensqualitaet-stationaere-Altenhilfe-Pandemie_2025-03.pdf
8377377327313565132,015-045l_S2k_Diagnostik_Therapie_Endometriose_2020-09.pdf
8384575230466761794,030-036l_S1_Clusterkopfschmerz_trigeminoautonome_Kopfschmerzen_2015-06-abgelaufen.pdf
8387282598725227784,073-027l_S3_Klinische-Ernaehrung-bei-chronisch-entzuendlichen-Darmerkrankungen_2025-02.pdf
8396514633551055704,045-026l_S1_Makulaforamen-und-vitreomakulaere-Traktion_2022-09.pdf
8434428649978931359,081-007l_S3__Hämorrhoidalleiden_2019-07_01-abgelaufen.pdf
8451380296701631782,025-031l_S1_Akute-myeloische-Leukaemie–AML–Kinder-Jugendliche_2019-09-abgelaufen.pdf
8460508167708164297,023-002l_S2k_Abklaerung-einer-Zyanose-Kinder-Jugendliche_2018-07-abgelaufen.pdf
8609719052787394126,037-005l_S3k_Medizinische-Kompressionstherapie-MKS-PKV_2019-05_abgelaufen.pdf
8631275526760979044,033-033l_S2k_Hueftdysplasie_2021-12_01.pdf
8651874755355550839,007-003l_S2k_Weisheitszahnentfernung_2019-08-abgelaufen.pdf
8665632598750352551,023-034l_S2k_Aortenklappeninsuffizienz-Aortenklappenersatz-Kinder-Jugendliche_2024-05.pdf
8678821045068142962,021-019l_S2k_Chronische_Obstipation_2022-11.pdf
8701524855299386412,022-022l_S3_Therapie-der-Blitz-Nick-Salaam-Epilepsie-West-Syndrom_2021-10.pdf
8709763115258511079,032-021l_S2k_Basalzellkarzinom-der-Haut_2024-07.pdf
8834343567300783331,022-014l_S1_Paediatrische-Multiple-Sklerose_2023-12.pdf
885313811112422840,023-028l_S2k_Herztumoren_im_Kindes-_und_Jugendalter_2024-12-abgelaufen.pdf
8856960075104124041,053-010l-S3_Halsschmerzen_2021-12.pdf
8880126041896432634,063-003l_S3_Insomnie-bei-Erwachsenen_2025-04.pdf
8887234314352219054,083-012l_S3_Vollkeramische_Kronen_Brücken_2021-06.pdf
8919565108754178867,013-052l_S1_Skabies-Diagnostik-Therapie_2016-12-abgelaufen.pdf
8930459349446765952,040-014l_S3_Intensivmedizin_nach_Polytrauma_2024-08.pdf
894839346134220340,025-011l_S1_Hepatoblastom_2016-06-abgelaufen.pdf
8964998040175288169,030-144l_S2k_Neurologische_Manifestationen_bei_COVID-19_2024-11.pdf
8965096563589161821,030-055l_S1_Myotone-Dystrophien-nicht-dystrophe-Myotonien-periodische-Paralysen_2024-02.pdf
8997477067827788390,057-013l_S3-Therapie-Typ-1-Diabetes_2023-09_1.pdf
9029927186857898596,nvl-001l_S3_Typ-2-Diabetes_2024-12.pdf
9038675418094519254,053-036l_S1_Chronischer_Schmerz_2025-02.pdf
9043230453740568625,053-045LGl_S3_LG_Schutz_vor_Ueber_und_Unterversorgung_2025-05.pdf
9093319216601042228,028-018l_S3_Autismus-Spektrum-Stoerungen_ASS-Diagnostik_2016-05-abgelaufen.pdf
9103910681864690978,025-020l_S1-Lymphknotenvergroesserung_2020-06.pdf
9121630179713767554,002-016l_S2k_Oberflaechen-Elektromyographie-in-der-Arbeitsmedizin-Arbeitsphysiologie-Arbeitswissenschaft_2023-03_1.pdf
9130568453881151391,051-027l_S2k_Diagnostik_Behandlung_akute_Folgen_psychischer_Traumatisierung_2024-09-abgelaufen.pdf
913468613422750134,033-050l_S3_atraumatische_Femurkopfnekrose_2019-09_1-abgelaufen.pdf
9184466155148377514,084-003l_S3_Umfassendes-Geriatrisches-Assessment-Comprehensive-Geriatric-Assessment-CGA-bei-hospitalisierten-PatientInnen_2024-06.pdf
9198861820813283404,134-001l_S3_Diagnostik-Therapie-Rehabilitation-schwere-Beeintraechtigung-Persoenlichkeitsfunktionen-LL-SBPF_2025-02.pdf
9231875506978193220,020-004l_Nichtinvasive-Beatmung-Therapie-akute-respiratorische-Insuffizienz_2024-01.pdf
9247406171916846925,151-002l_Sk_Adoleszente-Idiopathische-Skoliose_2023-03.pdf
924775701681861558,057-026l_S3_Diabetes-und-Straßenverkehr_2017-12.pdf
9259988308809907755,073-025l_S3_Klinische-Ernaehrung-bei-Pankreaserkrankungen_2024-11.pdf
9263512345543185591,019-013l_S3_Infarktbedingter_kardiogener_Schock_2019-11-abgelaufen.pdf
9290080546198282011,187-042l_S2k_Tibiakopffrakturen_2022-07.pdf
9409154708730300036,053-002l_S3_Muedigkeit_2023-01_01.pdf
9420333160199165509,027-018l_S3_Diagnostik-Therapie-Management-der-Glutarazidurie-Typ-1_2022-05.pdf
9459089647216869498,011-023l_S2k_Behandlung-akute-chronische-Erkrankungen-der-thorakalen-Aorta-Fokus-Aortenbogen_2023-03.pdf
9480847854792559912,001-033l_S2k_Medikamentensicherheit__Kinderanästhesie_20121-12.pdf
9490354475903173723,025-036l_S2k_Bewegungsfoerderung-Bewegungstherapie-in-der-pädiatrischen_Onkologie_2021-10.pdf
9493443761787395320,030-042l_S1_Creutzfeldt-Jakob-Krankheit_2024-07.pdf
9497326510620187958,083-053l_S3_Vollkeramische-festsitzende-implantatgetragene-Restaurationen_2025-02.pdf
949784339658535779,023-001l_S2k_Abklaerung_Herzgeraeusch_Kindes-Jugendalter_2018-05-abgelaufen.pdf
9511024083843435162,012-028l_S1_Verletzungen-der-thorakolumbalen-Wirbelsäule_2019-02-abgelaufen.pdf
9521155100457585452,083-004l_S2k_Therapie-des-dentalen-Traumas-bleibender-Zaehne_2022-10.pdf
9559002411132545430,030-077l_S1_Diagnostik-Therapie-Kopfschmerz-Spannungstyp_2024-03.pdf
9584617967987620040,003-001l_S3_VTE-Prophylaxe_2015-10-abgelaufen_01.pdf
9613602447401235282,090-004l_S1_Anforderungen-an-die-Strukturqualitaet-intermittierende-kontinuierliche-Nierenersatztherapie-im-Krankenhaus_2022-07.pdf
9651796940732088055,024-010l_S2k_Augenaerztliche_Screening-Untersuchung_Frühgeborene_2025-04-abgelaufen.pdf
9660912100172813104,083-023l_S3_Behandlung-periimplantaerer-Infektionen-an-Zahnimplantaten_2023-05.pdf
966197234032526924,015-080l_S2k_Fetale-Wachstumsrestriktion_2024-10_1.pdf
9668163630482351683,007-108l_Diagnostik-Therapie-Patienten-mit-Kraniosynostosen_2023-10.pdf
9692711433889647415,021-029l_S2k_Lebertransplantation_2024-07.pdf
9714802443149308976,024-013l_S2k_Idiopathische_Apnoen_Bradykardien_Hypoxämien_Frühgeborene_2025-02-abgelaufen.pdf
9716757869385332754,045-017l_S1_Okulaere-Graft-versus-host-Erkrankung_2020-12_1_01.pdf
9734010504510265161,030-041l_S2k_Erster-epileptischer-Anfall-Epilepsien-Erwachsenenalter_2023-09.pdf
9742423427503476338,013-071l_S2k_Diagnostik-Therapie-Pemphigus-vulgaris-foliaceus-bulloese-Pemphigoids_2019-10-abgelaufen.pdf
9790210329000881980,054-001l_S1_Die-rechtsmedizinische_Leichenoeffnung_2023-03_02.pdf
9833558742256902840,083-018l_S3_Zahnärztliche-Chirurgie-Antikoagulation-Thrombozytenaggregationshemmung_2018-05-abgelaufen.pdf
9834250451597362329,nvl-007l_S3_Kreuzschmerz_2017-03-abgelaufen.pdf
9905770448505366089,040-012l_S2k_Diagnostik-Therapie-Kohlenmonoxidvergiftung_2021-11.pdf
9918775504976825551,094-002l_S2k_Begutachtung-bei-gedecktem-Schaedel-Hirntrauma-Erwachsene_2024-08.pdf
9921566710804518469,012-026l_S2k_Frakturen_distaler_Unterschenkel_Kinder_2017-11-abgelaufen.pdf
9924654626322367401,030-143l_S2k_Sekundaerprophylaxe-ischaemischer-Schlaganfall-transitorische-ischaemische-Attacke-Teil-2_2023-01.pdf
9991367958581123874,015-079l_S2k_Dammriss-III-IV-Grades_2020-12_1.pdf
9999335820051226709,025-010l_Extrakranielle-Keimzelltumoren_2022-01.pdf
ERROR,006-023l_S2k_Akutes_Skrotum_Kinder_Jugendliche_2015-08-abgelaufen.pdf
ERROR,023-040l_S2k_Arterielle_Hypertonie-Kinder-Jugendliche_2024-08.pdf
ERROR,038-025l_S3_Medikamtenbezogene-Stoerungen_2021-01.pdf
ERROR,015-077l_S2k_Verhinderung_Lagerungsschäden_Operationen_Gynäkologie_2021-01.pdf
ERROR,013-084l_S1_Dermatosen_bei_dermaler_Lymphostase_2017-11-abgelaufen.pdf
ERROR,015-091l_S2k_Harninkontinenz-der-Frau_2022-03.pdf
ERROR,038-023l_S2k_Notfallpsychiatrie_2019-05_1-abgelaufen.pdf
ERROR,013-083l_S1_Stationaere-dermatologische-Rehabilitation_2025-02-abglaufen.pdf
ERROR,055-007l_S2k_Anale-Dysplasien-Analkarzinom-Screening-Menschen-mit-HIV_2024-11.pdf
ERROR,032-045OLl_S3_Mammakarzinom_2021-07.pdf
ERROR,032-054OLl_S3_Supportiv_2020-07-abgelaufen.pdf
ERROR,007-101l_S2k_Aphthen_aphthoide-Läsionen_2023-06_02.pdf
ERROR,015-094l_S2k_Schwangerschaftsabbruch-im-ersten-Trimenon_2023-01.pdf
ERROR,013-085l_S3_Umgang-mit-Antikoagulantien-Thrombozytenaggregationshemmern-Operationen-Haut_2021-03_01.pdf
ERROR,013-098l_S1_Diagnostik-Therapie-Livedovaskulopathie__2024-11-verlaengert.pdf
ERROR,013-102l_S2k_Diagnostik-Therapie-Schleimhautpemphigoid_2022-08.pdf
ERROR,013-103l_S3_Diagnostik-Therapie-epidermale-Nekrolyse-Stevens-Johnson-Syndrom-toxisch-epidermale-Nekrolyse-SJS-TEN_2024-11.pdf
ERROR,015-023l_S2k_Vaginal-operative-Geburtshilfe_2024-10_1.pdf
ERROR,013-095l_S2k_Lasertherapie-der-Haut_2022-03.pdf
ERROR,015-098l_S2k_Schulterdystokie_2024-10_1.pdf
ERROR,063-002l_S1_Praevention-des-Ploetzlichen-Sauuglingstods_2022-12_01.pdf
ERROR,032-042l_S2k_Vaginalkarzinom-Vorstufen-Diagnostik-Therapie-Nachsorge_2018-11.pdf
ERROR,009-019l_S2k_Rekonstruktive-Aesthetische-Operationen-des-weiblichen-Genitales_2022-08.pdf
ERROR,030-028l_S2k_Chorea_Morbus_Huntington_2023-01.pdf
ERROR,013-030l_S2k_Therapie-pathologischer-Narben-hypertrophe-Narben-Keloide_2025-04-abgelaufen.pdf
ERROR,024-026l_S2k_Einsatz-Behandlung-humane-Milch-Einrichtungen-Gesundheitswesen_2024-05.pdf
ERROR,007-107l_Rationaler-therapeutischer-Einsatz-von-kaltem-physikalischem-Plasma_2024-08-verlaengert.pdf
ERROR,032-010OLl_Exokrines-Pankreaskarzinom_2024-10.pdf
ERROR,032-022OLl_S3_Aktinische_Keratosen-Plattenepithelkarzinom-PEK_2023-01.pdf
ERROR,005-010l_S3_Versorgung-peripherer-Nervenverletzungen_2025-02.pdf
ERROR,027-069l_S3_Kindesmisshandlung-Missbrauch-Vernachlaessigung-Kinderschutzleitlinie_2022-01-abgelaufen.pdf
ERROR,187-039l_S1_Verletzungen-des-Beckenrings_2024-03.pdf
ERROR,083-017l_S2k_Instrumentelle-zahnaerztliche-Funktionsanalyse-und-Kieferrelationsbestimmung_2022-11_05.pdf
ERROR,187-023l_S3_Polytrauma-Schwerverletzten-Behandlung_2023-06.pdf
ERROR,083-016l_S3_Haeusliches-chemisches-Biofilmmanagement-Praevention-Therapie-Gingivitis_2021-02-abgelaufen.pdf
ERROR,083-002l_S3_Fissuren-Gruebchenversiegelung_2025-03..pdf
ERROR,001-021l_S3_Invasive_Beatmung_2017-12.pdf
ERROR,187-041l_S2e_Distale-Femurfrakturen_2025-02.pdf
ERROR,086-004l_S2k_Therapie-angeborener-thrombozytaerer-Erkrankungen_2025-04-abgelaufen.pdf
ERROR,128-001OLl_S3_Palliativmedizin_2025-03-abgelaufen.pdf
ERROR,071-013l_S2k_Sozialpaed-Nachsorge-Fruehgeborener-unter-1000-g_2019-01.pdf
ERROR,001-022l_S1_Regionalanaesthesie-ambulante-Patienten-Empfehlung-zur-Durchfuehrung_2021-03.pdf
ERROR,179-004l_S2k_Neurogene-Darmfunktionsstoerung-Querschnittlaehmung_2024-10-abgelaufen.pdf
ERROR,179-003l_S1_Depression-bei-Menschen-mit-Querschnittlaehmung_Besonderheiten-Diagnostik-Behandlung_2023-07.pdf
ERROR,183-001l_S3_Prophylaxe-Diagnostik-Therapie-der-Osteoporose_2023-11.pdf
ERROR,066-002l_S2k_Sportmedizinische-Vorsorgeuntersuchung_2024-04.pdf
ERROR,078-016l_S1_Molekulargenetische-Diagnostik-mit_Hochdurchsatz-Verfahren-der-Keimbahn_2018-07_1-abgelaufen.pdf
ERROR,021-023OLl_S3_Diagnostik-Therapie-Plattenepithelkarzinome-Adenokarzinome-Oesophagus_2024-06.pdf
ERROR,017-066l_S2k_Antibiotikatherapie_der_Infektionen_an_Kopf_und_Hals_2019-11_1-abgelaufen.pdf
ERROR,013-044l_S2k_Kutane_Lyme_Borreliose_2024-06.pdf
ERROR,085-002l_S2e_Ersttrimester-Diagnostik-Therapie@11-13_6_Schwangerschaftswochen_2024-01_1.pdf
ERROR,083-048l_S3_Versorgung_seltener_genetisch_bedingter_Erkrankungen_Zaehne_2025-04.pdf
ERROR,085-003l_S2e_Fraktursonographie_2023-02_1.pdf
ERROR,018-035OLl_S3_Diagnostik-Therapie-Nachsorge-monoklonaler-Gammopathie-unklarer-Signifikanz-MGUS-Multiplem-Myelom_2022-05.pdf
ERROR,113-005l_S1_Diagnostik-Therapie-invasive-pulmonale-Aspergillose-kritisch-kranke-intensivpflichtige-Patienten_2025-01.pdf
ERROR,020-021l_S3_Sauerstoff-in-der-Akuttherapie-beim-Erwachsenen_2021-06-verlaengert.pdf
