pdf_name,status
030-088l_S1_Zerebrale-Gefaeßmalformationen_2023-08.pdf,ok
032-061l_S1_Talgdruesenkarzinom_2025-04.pdf,ok
048-012l_S2k_Prophylaxe-von-schweren-Erkrankungen-durch-Respiratory-Syncytial-Virus-RSV-bei-Risikokindern_2024-10.pdf,IndexError: list index out of range
015-076l_S2k_Frueher-Schwangerschaftsverlust-im-1-Trimenon_2025-01.pdf,ok
032-034OLl_S3_Endometriumkarzinom_2024-07.pdf,ok
024-022l_S2k_Prophlaxe_Vitamin_K_Mangel_Neugeborene_2016-04-abgelaufen.pdf,ok
064-009l_S1_Atemwegserkrankung-Kinder-Bildgebende-Diagnostik_2023-07.pdf,ok
030-125l_S2e_LL_Diagnostik-Therapie-exekutive-Dysfunktionen_2024-12-abgelaufen.pdf,ok
045-022l_S1_Nicht-infektioese-anteriore-Uveitis_2024-03.pdf,ok
021-008l_S3__Gallensteine-Diagnostik-Therapie_2018-08-abgelaufen.pdf,IndexError: list index out of range
002-026l_S2k_Arbeitsplatzbezogener-Inhalationstest-AIT_2021-12.pdf,IndexError: list index out of range
174-022l_S1_Pubertas-tarda-und-Hypogonadismus_2021-12_01.pdf,ok
022-004l_S1_Nicht-eitrige_ZNS_Infektionen_Gehirn_Rueckenmark_Kinder_Jugendliche_2024-07_02.pdf,IndexError: list index out of range
051-026l_S3_Essstoerung-Diagnostik-Therapie_2020-03-abgelaufen.pdf,ok
030-006l-S1_Delir-und-Verwirrtheitszustaende-Alkoholentzugsdelir_2022-01.pdf,IndexError: list index out of range
015-072l_S2k_Vulvovaginalkandidose_2020-10_01.pdf,ok
023-003l_S2k_Thoraxschmerzen_im_Kindes-_und_Jugendalter_2020-08.pdf,ok
015-025l_S2k_Praevention-Therapie-Fruehgeburt_2025-03-verlaengert.pdf,ok
183-002l_S3_Training_Frakturprophylaxe_2025-02_1.pdf,ok
007-096l_S2k_Zahnsanierung_vor_Herzklappenersatz_2017-12_01-abgelaufen.pdf,IndexError: list index out of range
012-024l_S2e_Patellaluxation_2021-11_01.pdf,ok
069-019l_S2k_Funktionelle-nicht-organische-Obstipation-Stuhlinkontinenz-im-Kindes-und-Jugendalter_2022-04.pdf,IndexError: list index out of range
023-015l_S2k_Fallotsche-Tetralogie_2022-01.pdf,ok
017-078l_S2k_Vestibulaere-Funktionsstoerungen_2021-05.pdf,ok
001-020l_S3_Intravasale-Volumentherapie-Erwachsene_2020-10.pdf,ok
038-015l_S3_Borderline-Persoenlichkeitsstörungen_2022-11.pdf,IndexError: list index out of range
174-002l_S2e_Diagnostik-des-Wachstumshormonmangels-im-Kindes-und-Jugendalter_2022-04.pdf,IndexError: list index out of range
011-020l_S3_Einsatz-intraaortale-Ballongegenpulsation-Herzchirurgie-IABP_2024-09.pdf,IndexError: list index out of range
048-018l_S1_Behandlung-unterer-Atemwegsinfektionen-Kinder-Jugendliche-mit-schweren-neurologischen-Beeintraechtigungen_2023-04.pdf,ok
033-056l_S2e_subacromiales_Impingement_2021-12_01.pdf,ok
083-038l_S3_Ideale-Behandlungszeitpunkte-kieferorthopaedischer-Anomalien_2022-01_01.pdf,ok
013-023l_S2k_Diagnostik-Therapie-Zoster-Postzosterneuralgie_2020-09-abgelaufen.pdf,ok
043-056l_S2k_Urethritis_posterior_2021-12.pdf,ok
006-042l_S1_Bauchwanddefekte-Gastroschisis-Omphalocele_2020-11-verlaengert.pdf,ok
061-021l_S2k_Allergologische-Diagnostik-Ueberempfindlichkeitsreaktionen-Arzneimittel_2024-02.pdf,IndexError: list index out of range
001-028l_S1_Atemwegsmanagement_2023-09.pdf,ok
053-047l_S3_Multimorbiditaet_2024-11.pdf,ok
145-001l_S3_Schmerzassessment-bei-aelteren-Menschen_in-der-vollstationaeren_Altenhilfe_2018-02_1-abgelaufen.pdf,ok
026-023l_S2k_Diagnose_der_Mukoviszidose_2023-11.pdf,IndexError: list index out of range
032-009l_S3_Magenkarzinom_Diagnostik_Therapie_Adenokarzinome_oesophagogastraler_Uebergang_2019-12.pdf,IndexError: list index out of range
174-008l_S1_Hereditaere-hypophosphataemische-Rachitiden_2022-08.pdf,ok
064-006l_S1_Harntraktdilatation-Kinder-Bildgebende_Diagnostik_2023-07.pdf,ok
025-014l_S1_Akute-lymphoblastische-Leukaemie-ALL-im-Kindesalter_2021-07.pdf,ok
032-044OLl_S3_Adulte_Weichgewebesarkome_2022-06.pdf,ok
068-003l_S2k_AGE-Akute-infektioese-Gastroenteritis-Saeuglinge-Kinder-Jugendliche-2024-07.pdf,IndexError: list index out of range
023-033l_S2k_Pulmonalklappeninsuffizienz-Pulmonalklappenersatz-Kinder-Jugendliche-junge-Erwachsene-EMAH-Patienten_2024-03.pdf,IndexError: list index out of range
059-004l_S2k_Gonorrhoe-Diagnostik-Therapie_2019-03_abgelaufen.pdf,ok
043-058l_S3_Epidemiologie-Diagnostik-Therapie-Nachsorge-Blasenekstrophie-Epispadie-Komplex-BEEK_2024-09.pdf,ok
017-024l_S2k_Therapie-Tonsillo-Pharyngitis__2024-03.pdf,IndexError: list index out of range
011-022l_S3_Management_Mediastinitis_nach_herzchirurgischem_Eingriff_2019-09-abgelaufen.pdf,ok
021-017l_S2k_Komplikationen-der-Leberzirrhose_2023-09-abgelaufen.pdf,IndexError: list index out of range
2025-02_053-048l_S3_Versorgung-PatientInnen-chronische-nicht-nierenersatz-therpapiepflichtige-Nierenkrankheit-Hausarztpraxis_01.pdf,ok
023-029l_S2k_Primaere-Kardiomyopathien-Kinder-Jugendliche__2024-05.pdf,IndexError: list index out of range
025-016l_S2k_Sichelzellkrankheit_2020-12.pdf,IndexError: list index out of range
023-049l_S2k_Praevention-kardiovaskulaerer-Erkrankungen-im-Kindes-und-Jugendalter__2023-12.pdf,ok
023-017l_S2k_Double-Outlet-Right-Ventricle-DORV_2022-01.pdf,ok
025-027l_S1_Anaemiediagnostik-im_Kindesalter_2024-06.pdf,IndexError: list index out of range
083-034l_S3_Implantate_Immundefizienz_2020-07-abgelaufen.pdf,ok
005-009l_S3_Kubitaltunnelsyndrom-Diagnostik-Therapie_2018-02-abgelaufen.pdf,IndexError: list index out of range
023-018l_S2k_Pulmonalatresie-mit-Ventrikelseptumdefekt_2024-01.pdf,ok
088-009l_S2k_Operative-Therapie-des-primaeren-und-renalen-Hyperparathyreoidismus_2025-01-verlaengert.pdf,ok
001-041l_S1_Obstruktive-Schlafapnoe-Tonsillenchirurgie-Adenotomie_Kinder-perioperatives-Management_2021-01.pdf,ok
030-031l_S1_Ataxien-des-Erwachsenenalters_2024-02.pdf,IndexError: list index out of range
031-038l_S1_Knochenszintigraphie_Kinder_2015-06-abgelaufen.pdf,IndexError: list index out of range
001-031l_S2k_Interdisziplinaere-Versorgung-Kinder-Fremdkoerperaspiration-Fremdkoerperingestion_2024-12.pdf,ok
013-066l_S2k_zirkumskripte_Sklerodermie_2023-11_1.pdf,ok
025-013l_S1_Non-Hodgkin-Lymphome_NHL_2023-06.pdf,ok
059-005l_S2k_Chlamydia-trachomatis_Infektionen_2016-12-abgelaufen.pdf,ok
007-091l_S3_Antiresorptiva-assoziierte-Kiefernekrosen-AR-ONJ_2018-12-abgelaufen.pdf,IndexError: list index out of range
088-007l_S2k_operative_Therapie_benigner_Schilddruesenerkrankungen_2025-03-verlaengert.pdf,ok
028-047l_S3_Autismus-Spektrum-Stoerungen-Kindes-Jugend-Erwachsenenalter-Therapie_2021-04_1.pdf,ok
024-006l_S2k_Betreuung_von_Neugeborenen_diabetischer_Muetter_2017-10-abgelaufen.pdf,ok
187-061l_S2k_Rehabilitation-Majoramputation-obere-Extremitaet-proximal-Hand_2024-08.pdf,ok
083-010l_S3_Implantatprothetische-Versorgung-zahnloser-Oberkiefer_2021-03.pdf,ok
053-028l_S1_Nicht_sichtbare_Haematurie_2020-11-abgelaufen.pdf,ok
015-074l_S2k_Uterine_Sakrome_2024-10.pdf,ok
002-005l_S1_Praevention-arbeitsbedingter-Gesundheitsgefahren-bei-Arbeiten-unter-Einwirkung-von-Schwefelkohlenstoff_2022-03.pdf,IndexError: list index out of range
020-020l_S3_Behandlung-von-erwachsenen-Patienten-mit-ambulant-erworbener-Pneumonie__2021-05.pdf,IndexError: list index out of range
088-001l_S3_Chirurgie-Adipositas-metabolische-Erkrankugen_2018-02-abgelaufen.pdf,IndexError: list index out of range
031-022l_S1_Skelettszintigraphie_04-2024.pdf,ok
031-002l_S1_Radioiodtherapie_differenziertes_Schilddruesenkarziom_2015-10-abgelaufen.pdf,ok
063-001l_S3_SBAS_2023-01_verlaengert_und_Hinweis_Teil-Aktualisierung.pdf,ok
060-009l_S1_Betreuung-Patienten-entzuendlich-rheumatische-Erkrankungen-SARS-CoV2-COVID-19-Pandemie_2021-10-verlaengert.pdf,ok
028-045l_S3_ADHS_2018-06-abgelaufen.pdf,IndexError: list index out of range
092-004l_S1_Ambulante-parenterale-Antiinfektivatherapie-APAT_2024-11.pdf,ok
004-028l_extracranielle-Carotisstenose-Diagnostik-Therapie-Nachsorge_2025-02-abgelaufen.pdf,IndexError: list index out of range
030-001l_S1_Motoneuronerkrankungen_2021-11.pdf,IndexError: list index out of range
061-029l_S1_Hereditaeres-Angiooedem-durch-C1-Inhibitor-Mangel_2019-01-abgelaufen.pdf,IndexError: list index out of range
013-093l_S1_Diagnostik-Therapie-Vitiligo_2021-04.pdf,ok
112-001l_S2k_Primaere_Immundefekte_PID_2017-11_abgelaufen.pdf,ok
021-003l_S3_Pankreatitis_2022-04_01.pdf,IndexError: list index out of range
011-021l_S3_Einsatz-der-extrakorporalen-Zirkulation-ECLS-ECMO-bei-Herz-Kreislaufversagen_2021-02.pdf,ok
017-004l_S2k_Seromukotympanum_2018-12-abgelaufen.pdf,IndexError: list index out of range
001-025l_S3_Behandlung-akuter-perioperativer-posttraumatischer-Schmerzen_2022-11.pdf,IndexError: list index out of range
012-015l_S2e_Distale_Radiusfraktur_2021-11_02.pdf,ok
082-006l_S2k_Parenterale_Antibiotika_2019-08-abgelaufen.pdf,ok
032-057l_S1_Atypisches-Fibroxanthom-AFX-pleomorphes-dermales-Sarkom__PDS__2022-01.pdf,ok
032-051OLl_S3_Psychoonkologische-Diagnostik-Beratung-Behandlung-von-erwachsenen-KrebspatientInnen_2023-09.pdf,ok
043-034l_S2e_Diagnostik_Therapie_benignes_Prostatasyndrom_2023-04.pdf,IndexError: list index out of range
053-065l_S1_Anamnestisches-Erstgespraech-in-der-hausaerztlichen-Praxis-Gesprächsfuehrung-unbekannten-Patientin-Patienten__2025-01_1.pdf,ok
013-027l_S3_Atopische-Dermatitis-AD-Neurodermitis-atopisches-Ekzem_2024-01.pdf,IndexError: list index out of range
083-005l_S2k_Dentale-digitale-Volumentomographie-DVT_2023-02_1.pdf,IndexError: list index out of range
001-037l_S1_Telemedizin_praehospitale_Notfallmedizin_2016-11-abgelaufen.pdf,ok
013-094l_S2k_Therapie-der-Psoriasis-bei-Kindern-und-Jugendlichen_2022-04-verlaengert.pdf,ok
nvl-004l_S3_Chronische-KHK_2024-09.pdf,IndexError: list index out of range
053-052l_S1_Hitzebedingte-Gesundheitsstoerungen-Hausarztpraxis_2020-09.pdf,ok
013-043l_S1_Ichtyosen_2017-05-abgelaufen.pdf,ok
023-048l_S2k_Kongenital-korrigierte-Transposition-der-großen-Arterien-cc-TGA_2021-10.pdf,ok
006-002l_S1_Anorektale-Fehlbildungen_2024-04.pdf,IndexError: list index out of range
027-075l_S2k_Praevention-dysregulierten-Bildschirmmediengebrauchs-Kinder-Jugendliche_2023-09.pdf,ok
060-005l_S3_Diagnostik-Therapie-Gicht_2025-01.pdf,ok
179-015l_S1_Thromboembolieprophylaxe-bei-Querschnittlaehmung_2020-09.pdf,ok
083-051l_S2k_Okklusionsschienen-Behandlung-craniomandibulere-Dysfunktionen-praeprothetischen-Therapie_2024-07.pdf,ok
015-084l_S3_Sectio-caesarea_2020-06_1_02.pdf,IndexError: list index out of range
005-003l_S3_Diagnostik-Therapie-Karpaltunnelsyndrom-KTS_2022-04_01.pdf,IndexError: list index out of range
174-021l_S1_Hochwuchs_2022-04.pdf,ok
083-035l_S2k_ZAE_Behandlungsempfehlungen_Organtransplantation_2022-08.pdf,ok
028-044l_S3_Lese-Rechtschreibstörungen_Kinder_Jugendliche_2015-06-abgelaufen.pdf,ok
093-002l_S2k_Virusinfektionen-Organtransplantierte-alloge-Stammzell-Transplantierten-Diagnostik-Praevention-Therapie__2024-12.pdf,ok
040-017l_S3_Nierenersatztherapie-Intensivmedizin_2025-03.pdf,ok
002-017l_S1_Haendigkeit–Bedeutung_-Untersuchung_2020-10.pdf,IndexError: list index out of range
161-001l_S2k_Medizinisch-klinische-Diagnostik-bei-Schimmelpilzexposition-in-Innenraeumen_2024-03.pdf,ok
013-099l_S3_Management-Urethritis-maennliche-Jugendliche-Erwachsene_2025-02.pdf,ok
013-096l_S1_Diagnostik-Therapie-Necrobiosis-lipoidica_2024-04.pdf,ok
022-030l_S2k_Diagnostik-Therapie-5q-assoziierte-spinale-Muskelatrophie-Kinder-Erwachsene_2025-02_1.pdf,ok
115-001l_S2k_Rationelle_Labordiagnostik_Abklärung_Nierenschädigungen_Nierenerkrankungen_2021-09_01.pdf,ok
060-004l_S2e_Therapie_rheumatoide_Arthritits_krankheitsmod_Med_2018-10_01-abgelaufen.pdf,ok
023-019l_S2k_Pulmonalatresie_intaktes_Ventrikelseptum_PA-IVS_2015-06-abgelaufen.pdf,ok
080-006l_S3_Neurologische-Rehabilitation-bei-Koma-und-schwerer-Bewusstseinsstoerung-im-Erwachsenenalter_2025-03-verlaengert.pdf,ok
108-001l_S2k_Einwilligung_von_Menschen_mit_Demenz_in_medizinische_Maßnahmen_2024-11-abgelaufen.pdf,ok
179-007l_S1_Querschnittlaehmungsassoziierte-Osteoporose_2018-01-abgelaufen.pdf,ok
082-005l_S1_Diagnose-Therapie-Candida-Infektionen_2020-09.pdf,ok
023-010l_S2k_Aortenisthmusstenose_Kinder_Jugendliche_2018-07-abgelaufen.pdf,ok
076-001l_S3-Screening-Diagnose-Behandlung-alkoholbezogene-Stoerungen_2025-01-verlaengert.pdf,ok
015-028l_S2k_Bakterielle-Vaginose_2023-07.pdf,IndexError: list index out of range
001-051l_S1_Gefaesszugaenge-Erstversorgung-erwachsene-Notfallpatienten-Schockraum_2025-04.pdf,ok
078-017l_S1_Tumorgenetik-Genetische-Diagnostik-bei-malignen-Erkrankungen_2022-03-verlaengert_01.pdf,ok
008-001l_S2e_Schaedelhirntrauma_SHT_Erwachsene_2015-12-abgelaufen.pdf,IndexError: list index out of range
031-003l_S1_Radioiodtherapie_benigne_Schilddruesenerkrankungen_2023-04.pdf,IndexError: list index out of range
174-024l_S2k_Diagnostik-bei-Neugeborenen-von-Muettern-mit-Schilddruesenfunktionsstoerungen_2019-02-abgelaufen.pdf,ok
083-033l_S3_Periimplantaere-Weichgewebsaugmentation_2023-09_verlaengert.pdf,ok
027-073l_S2k_Muskuloskelettale-Schmerzen-Kinder-Jugendliche–Algorithmus__2020-12.pdf,ok
031-011l_S1_Schilddruesenszintigraphie-Tc-99m-Pertechnetat-I-123_Natriumiodid__2023-04.pdf,IndexError: list index out of range
012-023l_S1_Oberarmkopffraktur_2017-10-abgelaufen.pdf,ok
025-022l_S1_Leitsymptome-Diagnostik-ZNS-Tumoren-Kinder-Jugendliche_2024-06.pdf,IndexError: list index out of range
015-089l_S3_Fetale-Ueberwachung-in-der-Schwangerschaft_2023-05.pdf,ok
020-019l_S2k_Tuberkulose-im-Erwachsenenalter_2023-09.pdf,ok
185-003l_S2k_Kawasaki-Syndrom_2021-01.pdf,ok
042-005l_S1_Schistosomiasis-Bilharziose-Diagnostik-Therapie_2017-12-abgelaufen.pdf,ok
030-133l_S2k_Sekundaerprophylaxe-ischaemischer-Schlaganfall-transitorische-ischaemische-Attacke-Teil-1_2022-07.pdf,IndexError: list index out of range
023-047l_S2k_Kongenitale-Aortenklappenstenose_2022-01.pdf,ok
061-032l_S2k_Diagnostik_Verdacht_Betalaktamantibiotika_Ueberempfindlichkeit_2019-12-abgelaufen.pdf,ok
001-015l_S3_Lagerungstherapie-Mobilisation-von-kritisch-Erkrankten-auf-Intensivstationen_2024-09.pdf,IndexError: list index out of range
021-011l_S3_Prophylaxe-Diagnostik-Therapie-der-Hepatitis-B-Virusinfektion_2021-07.pdf,IndexError: list index out of range
023-004l_S2k_Synkope_im_Kindes-_und_Jugendalter_2025-03-abgelaufen.pdf,ok
023-030l_S2k_Hypoplastisches-Linksherzsyndrom-Hypoplastischer-Linksherzkomplex-Kinder-Jugendliche_2023-01.pdf,IndexError: list index out of range
048-014l_S2k_Diagnostik-Therapie-Fieber-ohne-Fokus_-Granulozytopenie-Kinderonkologie_2024-03.pdf,ok
017-071l_S2k_Cochlea-Implantat-Versorgung-zentral-auditorische-Implantate_2020-12.pdf,IndexError: list index out of range
024-020l_S2k_Prophylaxe_Neugeborenensepsis_Streptokokken_2016-04-abgelaufen.pdf,IndexError: list index out of range
032-033OLl_S3_Diagnostik_Therapie_Nachsorge_Zervixkarzinom_2022-03.pdf,ok
179-002l_S2k_Schwangerschaft-Geburt-Wochenbett-Querschnittlaehmung_2024-08.pdf,ok
021-004l_S3_Morbus_Crohn_Diagnostik_Therapie_2024-09.pdf,IndexError: list index out of range
030-078l_S2k_Therapie_spastisches_Syndrom_2025-04.pdf,IndexError: list index out of range
007-106l_S3_Totaler_alloplastischer_Kiefergelenkersatz_2025-04-abgelaufen.pdf,ok
038_017l_S3_Zwangsstörungen_2022-07.pdf,ok
187-051l_S2e_Hallux-Valgus_2025-05.pdf,ok
030-116l_S1_Schmerzsyndrome_CRPS_2018-09-abgelaufen.pdf,ok
048-013l_S2k_Management-ambulant-erworbene-Pneumonie-Kinder-Jugendlichen-paediatric-community-acquired_pneumonia-pCAP_2024-01_1.pdf,ok
020-034l_S2k_Sicherheit-der-diagnostischen-flexiblen-Bronchoskopie-bei-Erwachsenen__2025-04.pdf,ok
030-134l_S1_Diagnostik-Therapie-Morbus-Fabry_2023-02.pdf,ok
018-038OLl_Diagnostik-Therapie-Nachsorge-erwachsene-PatientIinnen-diffusen-grosszelligen-B-Zell-Lymphom-verwandten-Entitaeten-DLBC-2022-10.pdf,ok
031-046l_S1_Somatostatinrezeptor-PET-CT_2017-07-abgelaufen.pdf,ok
018-032OLl_S3_Diagnostik-Therapie-Nachsorge-chronisch-lymphatische-Leukaemie-CLL_2025-01.pdf,ok
031-012l_S1_Radioiodtest-I-131-oder-I-123_Natriumiodid_2023-04.pdf,IndexError: list index out of range
166-002l_S2k_Haemolytisch-Uraemisches-Syndrom-im-Kindesalter_2022-07.pdf,ok
021-018l-S3I_Intestinale-Motilitaetsstierungen_2022-03.pdf,IndexError: list index out of range
083-046l_S1_zahnmedizinische-Patienten-Belastung-Aerosol-uebertragbare-Erreger_2022-08.pdf,ok
023-009l_S2k_Supravalvulaere_Aortenstenose_SVAS_Kinder_Jugendliche_2019-10.pdf,ok
051-001l_S3_Funktionelle_Koerperbeschwerden_2018-11-abgelaufen.pdf,ok
006-100l_S2k_Infantile-Haemangiome-Saeuglinge-Kleinkinder_2020-12-verlaengert_01.pdf,IndexError: list index out of range
051-031l_S3_Psychosoziale-Diagnostik-Behandlung-PatienInnen-vor-und-nach-Organtransplantation_2022-08_1.pdf,ok
060-003l_S3_Axiale-Spondyloarthritis-Morbus-Bechterew-Fruehformen-2019-10-abgelaufen.pdf,ok
002-038l_S2k_Diagnostik_und_Begutachtung_asbestbedingter_Berufskrankheiten_2021-01.pdf,IndexError: list index out of range
021-027l_S3_Seltene-Lebererkrankungen-LeiSeLebEr-autoimmune-Lebererkrankungen-Paediatrie-Erwachsenenalter_2025-02.pdf,ok
001-045l_S1_Schulung-von-Mitarbeitenden-im-Gesundheitswesen-bei-Einsatz-waehrend-der-COVID-19-Pandemie_2020-verlaengert.pdf,ok
006-030l_S1_Leistenhernie_Hydrozele_2020-11_1.pdf,IndexError: list index out of range
013-064l_S1_MKC_Mikroskopisch-kontrollierte-Chirurgie__2022-10.pdf,ok
064-005l_S1_Haematurie-Kinder-Jugendliche-Bildgebende-Diagnostik_2023-07.pdf,ok
145-003l_S3_LONTS_2020-10.pdf,ok
088-008l_S2k_Operative-Therapie_Nebennierentumoren_2019-07-abgelaufen.pdf,ok
015-081l_S3_Adipositas-Schwangerschaft_2020_06.pdf,ok
050-002l_S3_Therapie-Praevention-Adipositas-Kinder-Jugendliche_2024-09-abgelaufen.pdf,IndexError: list index out of range
151-004l_S3_Radiofrequenz-Denervation-Facettengelenke-des-ISG_2024-03-Zertifikat.pdf,ok
030-085l_S1_Zerebrale-Vaskulitis-zerebrale-Beteiligung-systemische-Vaskulitiden-rheumatischen-Grunderkrankungen__2024-07.pdf,ok
187-002l_S2k_Rehabilitation-nach-traumatischen-Frakturen-der-Brust-und-Lendenwirbelsauule-ohne-neurologische-Ausfaelle_2022-06.pdf,ok
048-017l_S1_Infektiologische-Versorgung-von-Fluechtlingen-im-Kindes-und-Jugendalter__2022-07.pdf,ok
006-062l_S1_Unterarmschaftfraktur-2016-05-abgelaufen.pdf,ok
078-010l_S1_molekulare-zytogenetische-Diagnostik-Prader-Willi-Syndrom_-Angelman-Syndrom__2020_12.pdf,IndexError: list index out of range
004-008l_S2k_Erkrankungen-der-Nierenarterien_2020-01-abgelaufen.pdf,IndexError: list index out of range
nvl-005l_S3_Unipolare-Depression_2023-07.pdf,IndexError: list index out of range
073-024l_S2k_Klinische-Ernaehrung-in-der-Hepatologie_2024-09.pdf,ok
030-111l_Neurogene-Dysphagie_2025-03_abgelaufen.pdf,ok
030-070l_S3_Diagnostik-Therapie-akuten-Querschnittlaehmung_2025-04.pdf,IndexError: list index out of range
019-014l_S3_Vorhofflimmern_2025-04.pdf,ok
015-092l_S2k_Sars-CoV2-Schwangerschaft-Geburt-Wochenbett_2024-08.pdf,ok
007-007l_S2k_Wurzelspitzenresektion_2022-12.pdf,IndexError: list index out of range
151-001l_S2k_Diagnostik-Therapie-Spondylodiszitis_2020-10.pdf,ok
012-009l_S1_Stuetzverbaende-Frakturen-Verletzungen_2019-03-abgelaufen.pdf,ok
021-022l_S2k_Qualitaetsanforderungen_gastrointestinale_Endoskopie_2015-07-abgelaufen.pdf,ok
028-014l_S2k_Geschlechtsinkongruenz-Geschlechtsdysphorie-Kinder-Jugendliche-Diagnostik-Behandlung_2025-03_1.pdf,IndexError: list index out of range
020-030l_S2k_Bronchiektasen_2024-06_1.pdf,ok
032-049l_S2k_Gestationsbedingte-und-nicht-gestationsbedingte-Trophoblasterkrankungen_2022-08.pdf,ok
001-047l_S1_Perioperative-Nuechternzeiten-Kinder_2022-03_1.pdf,ok
055-008l_S2k_HIV-Praeexpositionsprophylaxe_2024-04_02.pdf,ok
061-030l_S1_Vorgehen-bei-Verdacht-auf-Unvertraeglichkeit-gegenueber-oral-aufgenommenem-Histamin_2022-03.pdf,ok
021-026l_S2k_Neuroendokrine_Tumore_2018-07-abgelaufen.pdf,ok
015-088ladd_S2k_Geburtseinleitung_2021-04.pdf,ok
030-067l_S1_Diagnostik-Polyneuropathien_2024-05.pdf,IndexError: list index out of range
025-018l-S1_Hereditaere-Sphaerozytose_2023-09_1.pdf,IndexError: list index out of range
032-035OLl_S3_Ovarialkarzinom_2024-10.pdf,ok
093-003l_S2k_Praevention-Diagnostik-Therapie-CMV-Infektion-Schwangere-konnatalen-CMV-Infektion-Neugeborene-Kinder_2025-04.pdf,ok
030-011l_S2k_Tremor_2022-08.pdf,IndexError: list index out of range
020-007OLl_S3_Praevention-Diagnostik-Therapie-Nachsorge-Lungenkarzinom_2025-04.pdf,ok
021-012l_S3_Hepatitis-C-Virus_HCV-Infektion_2018-07-abgelaufen.pdf,IndexError: list index out of range
023-042l_S2k_Sport-bei-angeborenen-und-erworbenen-Herzerkrankungen_2022-12.pdf,ok
002-043l_S2k_Arbeitsmedizinische-Eignungsuntersuchung-Arbeitnehmer-Offshore-Windenergieanlagen-anderen-Offshore-Installationen_2021-09.pdf,ok
151-003l_S2k_Diagnostik-Therapie-Adoleszentenkyphose-Morbus-Scheuermann-Kinder-Jugendliche_2025-01.pdf,ok
024-008l_S2k_Bakterielle_Infektionen_Neugeborene_2021-03-abgelaufne.pdf,IndexError: list index out of range
138-001l_S3_Geschlechtsdysphorie-Diagnostik-Beratung-Behandlung_2014-07-abgelaufen.pdf,ok
022-025l_S3_Fetale-Alkoholspektrumstörungen-FASD-Kinder-Jugendliche-Diagnostik-Intervention_2024-05_1.pdf,ok
018-033OLl_S3_Follikulaeres_Lymphom_2020-06.pdf,ok
023-031l_S2k_Familienorientierte-Rehabilitation_FOR-Herz_und_Kreislauferkrankungen_2018-07-abgelaufen.pdf,ok
001-042l_S1_Der-intraossaere-Gefaesszugang-in-der-Notfallmedizin_2018-02-abgelaufen.pdf,ok
020-003l_S2k_Fachaerztliche-Diagnostik-Therapie-erwachsene-Patienten-Husten__2025-02_1.pdf,IndexError: list index out of range
001-043l_S2k_Katastrophenmedizinische-praehospitale-Behandlungsleitlinie_2023-10.pdf,ok
037-015l_S2k_Sklerosierungsbehandlung-Varikose_2019-05_abgelaufen.pdf,IndexError: list index out of range
nvl-002l_S3_Asthma_2024-08.pdf,IndexError: list index out of range
nvl-003l_S3_COPD_2024-12.pdf,IndexError: list index out of range
013-028l_S3_Klassifikation-Diagnostik-Therapie-Urtikaria_2022-04.pdf,IndexError: list index out of range
100-001l_S2k_Arzneimitteltherapie-bei-Multimorbiditaet_2024-08-abgelaufen.pdf,ok
021-009l_S3_Colitis-ulcerosa_2025-02.pdf,IndexError: list index out of range
045-025l_S1_Risikofaktoren-Prophylaxe-rhegmatogene-Netzhautabloesung-bei-Erwachsenen_2022-12.pdf,ok
053-023l_S3_Brustschmerz–primaeraerztliche-Versorgung_2025-03.pdf,IndexError: list index out of range
013-092l_S2k_Praeparationen_lokale_Anwendung_2017-11-abgelaufen.pdf,ok
013-053l_S2k_Diagnostik-Praevention-Therapie-Handekzem_2023-05.pdf,ok
022-017l_S3_Umschriebene-Entwicklungsstoerungen-motorischer-Funktionen-UEMF_2020-08_01.pdf,IndexError: list index out of range
086-005l_S2k_Synovitis-bei-Haemophilie_2023-02.pdf,ok
007-066l_S3_Idiopathische_Kondylusresorption_2023-03.pdf,IndexError: list index out of range
002-042l_S2k_Nutzung-Herzschlagfrequenz-Herzfrequenzvariabilitaet-Arbeitsmedizin-Arbeitswissenschaft_2022-03_1.pdf,ok
083-027l_S3_Bruxismus-Diagnostik-Behandlung_2019-06-abgelaufen.pdf,ok
030-121l_S1_Diagnostik-Therapie-Neurogene-Blasenstoerungen_2025-01-abgelaufen.pdf,ok
023-022l_S2k_Tachykarde_Herzrhythmusstoerungen-Kinder-Jugendliche-junge-Erwachsene_2019-04-abgelaufen.pdf,ok
004-034l_S2k_Typ_B_Aortendissektion_2022-05.pdf,ok
059-002l_S2k_Diagnostik_Therapie_Syphilis_2021_06.pdf,IndexError: list index out of range
043-025l_S2k_Diagnostik_Therapie_Metaphylaxe_Urolithiasis_2019-07_1-abgelaufen.pdf,IndexError: list index out of range
030-095l_S1_Beschleunigungstrauma-Halswirbelsaeule_2021-04.pdf,ok
021-024l_S2k_Gastrointestinale_Infektionen_2023-11_1.pdf,ok
060-008l_S3_Management-des-systemische-Lupus-erythematodes_2025-04_1.pdf,ok
187-050l_S2k_Gonarthrose_2025-01-verlaengert.pdf,ok
001-005l_S1_Rueckenmarksnahe-Regionalanaesthesien-Thrombembolieprophylaxe-antithrombotische-Medikation_2021-10_1.pdf,IndexError: list index out of range
042-001l_S1_Diagnostik-Therapie-Malaria_2021-08-abgelaufen.pdf,IndexError: list index out of range
025-009l_S1_Medulloblastom-Kinder-Jugendliche_2018-04-abgelaufen.pdf,ok
083-009l_S2K_Implantologische-Indikationen-Anwendung-Knochenersatzmaterialien_2020-11.pdf,ok
057-023l_S2e_Diabetes_und_Schwangerschaft_2022-01.pdf,IndexError: list index out of range
008-024l_S2k_Diagnostik-Therapie-peripherer-Nerventumoren_2022-12.pdf,ok
030-099l_S2k_Gliome_2025-01-verlaengert.pdf,ok
073-005l_S3_Klinische-Ernaehrung-in-der-Chirurgie_2023-09.pdf,ok
015-018l_S2k_Hypertensive-Erkrankungen-Schwangerschaft-HES-Diagnostik-Therapie_2024-07.pdf,IndexError: list index out of range
145-004l_S3_Fibromyalgiesyndrom_2019-11_1-abgelaufen.pdf,ok
015-087l_S2e_Ueberwachung-Betreuung-Zwillingsschwangerschaften_2020-05.pdf,ok
057-017l_S2k_Diabetes_mellitus_im_Alter_2018-09-abgelaufen.pdf,IndexError: list index out of range
031-050l_S1_Tumor_Szintigraphie_123Iod_meta_Iodbenzylguanidin_2015-06-abgelaufen_01.pdf,ok
021-014l_S3_Sedierung_in_der_gastrointestinalen_Endoskopie_2023-10.pdf,IndexError: list index out of range
030-108l_S1_Hirnabszess_2021-04.pdf,ok
187-003l_S2k_Wirbelsaeulenmetastasen_2024-07.pdf,ok
021-027l_S3_KF_Seltene-Lebererkrankungen-LeiSeLebEr-Lebererkrankungen-Paediatrie-bis-Erwachsenenalter_2025-05.pdf,ok
030-098l_S2k_Zerebrale-Venen-und-Sinusthrombose_2024-02.pdf,ok
030-016l_Diagnostik-Therapie-_Trigeminusneuralgie__2024-01_1.pdf,IndexError: list index out of range
076-011l_S1_Diagnostik-Therapie-Internetnutzungstoerungen_2025-01.pdf,ok
027-070l_S3_Rueckenschmerz-Kinder-Jugendliche_2021-12_01.pdf,ok
023-020l_S2k_Trikuspidalatresie-Kinder-Jugendliche_2022-12.pdf,ok
045-018l_S1_Akute-Veraetzung-am-Auge_2021-01_1.pdf,ok
013-097l_S2k_Teledermatologie_2024-11-verlaengert.pdf,ok
013-003l_S1_Onychomykose_2022-09_1.pdf,ok
030-051l_S1_Diagnostik-Differentialdiagnose-Myalgien_2025-04.pdf,IndexError: list index out of range
179-001l_S2k_Neuro-urologische-Versorgung-querschnittgelaehmter-Patienten_2021-11.pdf,ok
078-014l_S1_Praenataler_Schnelltest_2024-11.pdf,IndexError: list index out of range
027-071l_S2k_Medikamentensicherheit-bei.Kindernotfällen_2021-03.pdf,ok
043-047l_S2k_neurogene_Blasenfunktionsstörungen_spinale_Dysraphie_2019-08-abgelaufen.pdf,ok
012-029l_S1_Hintere-Kreuzbandruptur_2018-08-abgelaufen.pdf,ok
030-035l_S1_Fruehsommer_Meningoenzephalitis_FSME_2025-01-abgelaufen.pdf,IndexError: list index out of range
006-027l_S1_Invagination_2021-12.pdf,IndexError: list index out of range
021-025l_S2k_-NAFLD-Nicht-alkoholische-Fettlebererkrankungen_2022-10_01.pdf,ok
027-021l_S1_Konfirmationsdiagnostik-Stoffwechselkrankheiten-Neugeborenenscreening_2025-01-abgelaufen.pdf,IndexError: list index out of range
015-090l_S2k_Nierenerkrankungen-und-Schwangerschaft_2022-01.pdf,ok
024-009l_S2k_Nekrotisierende_Enterokolitis_2018-02-abgelaufen.pdf,ok
030-044l_S1_Diagnostik-Therapie-HIV-1-assoziierter_Erkrankungen_2021-02.pdf,IndexError: list index out of range
021-021l_S2k_Zoeliakie_2022-05.pdf,ok
013-091l_S1_Pyoderma-gangrenosum_2020-10_1.pdf,ok
030-115l_S1_Diagnostik-Myopathien_2021-07.pdf,ok
187-059l_S2k_Spezifischer-Kreuzschmerz_2024-08.pdf,ok
086-003l_S2k_Diagnose-Thrombozytenfunktionsstoerungen-Thrombozytopathien_2024-09.pdf,IndexError: list index out of range
033-044l_S2k_Rehabilitation_Majoramputation-untere_Extremitaet_2019-09-abgelaufen.pdf,ok
030-063_S1_Normaldruckhydrozephalus_2018-03-abgelaufen.pdf,IndexError: list index out of range
007-046l_S2k_Infizierte-Osteoradionekrose-der-Kiefer-IORN_2018-02-abgelaufen.pdf,IndexError: list index out of range
013-100l_S1_Differentialdiagnose-akuter-chronischer-Roetungen_Unterschenkel_2021-12.pdf,ok
038-013l_S3_Demenzen_2025-04.pdf,IndexError: list index out of range
024-005l_S2k_Betreuung-von-Neugeborenen-in-der-Geburtsklinik_2022-01.pdf,IndexError: list index out of range
030-141l_S1_Lumbalpunktion_und_Liquordiagnostik_2020-01-abgelaufen.pdf,ok
060-006l_S2e_Behandlung-der-Polymyalgia-rheumatica_2025-04.pdf,ok
030-039l_S1_Dystonie_2021-05.pdf,IndexError: list index out of range
064-008l_S1_Bewegungseinschraenkungen-Kinder-Jugendliche-Bildgebende-Diagnostik_2023-07.pdf,ok
053-018l_S3_Akuter_Schwindel_Hausarztpraxis_2018-07_1-abgelaufen_01.pdf,ok
021-001l_S2k_Helicobacter-pylori-gastroduodenale-Ulkuskrankheit_2023-06.pdf,IndexError: list index out of range
064-018l_S1_Ganzkoerpermagnetresonanztomografie-im-Kindes-und-Jugendalter-GK-MRT_2025-02-abgelaufen.pdf,ok
185-005l_S2k_Systemischer-Lupus-erythematodes-Beginn-Kindes-Jugendalter-jSLE_2025-04.pdf,ok
083-045l_S1_Die-Unterkieferprotrusionsschiene-UPS-zahnaerztliche-Schlafmedizin_bei-Erwachsenen_2022-01.pdf,ok
023-024l_S2k_Infektioese-Endokarditis-Endokarditisprophylaxe-im-Kindes-und-Jugendalter_2022-10_03.pdf,ok
042-009l_S1_Screening-Diagnose-Behandlung-klinisches-Management-Chagas-Krankheit_2022-11.pdf,ok
033-001l_S2k_Koxarthrose_2019-07_1-abgelaufen.pdf,ok
017-064l_S3_Chronischer_Tinnitus_2021-09_1.pdf,IndexError: list index out of range
064-016l_S1_Bauchschmerz-Kinder-Jugendliche-Bildgebende-Diagnostik_2023-07.pdf,ok
001-024l_S3_Praeoperative-Anaemie_2018-04-abgelaufen.pdf,ok
083-040l_S2k_Implantationszeitpunkte_2023-07.pdf,ok
166-004l_S2k_Harnwegsinfektionen_im_Kindesalter_2021-08_1.pdf,ok
061-020l_S2k_Diagnose-Therapie-Bienengiftallergie-Wespengiftallergie_2024-08.pdf,IndexError: list index out of range
024-025l_S2k_Sepsis_nach_Neonatalperiode_2016-04-abgelaufen.pdf,ok
037-012l_S2k_Lipoedem_2024-01_01.pdf,IndexError: list index out of range
032-060lS_1_Dermales-subkutanes-Leiomyosarkom_2023-05.pdf,ok
030-113l_S1_Diagnostik-Therapie-des-postpunktionellen-und-spontanen-Liquorunterdruck-Syndroms_2023-10.pdf,ok
017-076OLl_S3_Larynxkarzinom_2019-11-abgelaufen.pdf,ok
024-018l_S2k_Schaedel-Hirn-Trauma-Kinder-Jugendliche-SHT_2023-03.pdf,ok
174-020l_S1_Anti-Diuretisches-Hormon-ADH-Mangel-Kinder-Jugendliche_2024-12.pdf,ok
083-054l_S2k_Implantatversorgung-im-fortgeschrittenen-Lebensalter_2024-12.pdf,ok
001-018l_S3_Vermeidung_perioperativer_Hypothermie_2019-08.pdf,ok
030-137l_S1_Augenmotilitaetsstörung-inklusive-Nystagmus_2021-11.pdf,ok
001-035l_S2e_paed_Emergence_Delir_2019-09-abgelaufen.pdf,ok
057-008l_S3_Gestationsdiabetes-mellitus-GDM-Diagnostik-Therapie-Nachsorge_2019-06-abgelaufen.pdf,ok
184-002l_S2k_Haeusliche-Versorgung-soziale-Teilhabe-und-Lebensqualitaet-bei-Menschen-mit-Pflegebedarf-COVID19-Pandemie_2023-01_1.pdf,ok
050-001l_S3_Praevention-Therapie-Adipositas_2024-10.pdf,IndexError: list index out of range
027-003l_S2k_Diagnostik-Therapie-der-hepatorenalen-Tyrosinaemie_-Typ-1__2022-12.pdf,ok
042-011l_S1_Diagnostik-Therapie-Loiasis-Afrikanischer-Augenwurm__2024-06.pdf,ok
012-020l_S2e_Proximale-Femurfrakturen-des-Kindes_2021-11_01.pdf,ok
025-026l_S1_Kraniopharyngeom-im-Kindes-und-Jugendalter_2019-01-abgelaufen.pdf,ok
030-046l_S2e_Akuttherapie-des-ischaemischen-Schlaganfalls_2022-11-verlaengert.pdf,ok
001-036l_S1_Management-des-erwartet-schwierigen-Atemwegs-beim-Kind_2021-05.pdf,ok
023-007l_S2k_Valvulaere_Pulmonalstenose_2018-09-abgelaufen.pdf,ok
017-049_und_053-012l_S2k_Rhinosinusitis_2022-12-abgelaufen_01.pdf,IndexError: list index out of range
017-049_und_053-012l_S2k_Rhinosinusitis_2022-12-abgelaufen.pdf,IndexError: list index out of range
015-085l_S2k_Diagnostik-Therapie-vor-ART_2019-04.pdf,ok
179-014l_S2k_Lebenslange-Nachsorge-fuer-Menschen-mit-Querschnittlaehmung_2022-12.pdf,ok
083-042l_S3_Einsatz-von-Platelet-rich-Fibrin-PRF-in-der-dentalen-Implantologie_2023-09.pdf,ok
024-019l_S2k_Frühgeburt_Grenze_Lebensfähigkeit_2021-01.pdf,IndexError: list index out of range
076-006l_S3_Rauchen-_Tabakabhaengigkeit-Screening-Diagnostik-Behandlung_2021-03.pdf,ok
032-052OLl_S3_Praevention-Hautkrebs_2021-09.pdf,ok
030-050l_S2k_Diagnose-Therapie-Multiple-Sklerose-Neuromyelitis-Optica-Spektrum-MOG-IgG-assoziierte-Erkrankungen_2025-02.pdf,IndexError: list index out of range
078-007l_S1_Molekulargenetische-Diagnostik-Fragiles-X-Syndrom-andere-FMR1-assoziierte_Syndrome_2021-02.pdf,IndexError: list index out of range
015-015l_S3_Hormonelle_Empfaengnisverhuetung_2020-09.pdf,ok
043-022OLl_S3_Prostatakarzinom_2024-06.pdf,IndexError: list index out of range
083-031l_S3_Ersatz-fehlender-Zaehne-Verbundbruecken_2020-02-abgelaufen.pdf,ok
042-004l_S1_viszerale_Leishmaniasis_Kalar_Azar_2017-01-abgelaufen.pdf,IndexError: list index out of range
030-071l_S3_Neuroborreliose_2024-05.pdf,IndexError: list index out of range
023-013l_S2k_Atrioventrikulärer_Septumdefekt_AVSD_2024-12-abgelaufen.pdf,ok
021-020l_S3_Divertikelkrankheit-Divertikulitis_2022-05.pdf,ok
010-007l_S3_Spontanpneumothorax-postinterventioneller-Pneumothorax-Diagnostik-Therapie_2018-03-abgelaufen.pdf,ok
015-083l_S3_Vaginale-Geburt-am-Termin_2021-03.pdf,ok
012-004l_S1_Implantatentfernung-nach-Osteosynthese_2018-08-abgelaufen.pdf,ok
006-016l_S1_Femurschaftfraktur-im-Kindes-und-Jugendalter_2023-04.pdf,IndexError: list index out of range
025-005l_S1_Osteosarkome_2021-11.pdf,IndexError: list index out of range
174-005l_S1_Hypoparathyreoidismus-Pseudohypoparathyreoidismus_2022-07.pdf,ok
017-061l_S1_Tracheo_Bronchoskopie_2015-07-abgelaufen.pdf,IndexError: list index out of range
013-024l_S1_Psychosomatische_Dermatologie_2018-05.pdf,IndexError: list index out of range
064-019l_S1_Trauma-muskuloskelettales-Systems-Kinder-Jugendliche-Bildgebende-Diagnostik_2019-07-abgelaufen.pdf,ok
028-031l_S2k_Suizidalitaet_KiJu_2016-07_01-abgelaufen.pdf,IndexError: list index out of range
032-045OLl_S3_KF_Mammakarzinom_2025-05.pdf,ok
006-130l_S1_Lungenfehlbildungen_2021-12.pdf,ok
013-001l_S3_Therapie-Psoriasis-vulgaris_2024-04.pdf,IndexError: list index out of range
030-013l_S2k_Therapie-Idiopathische-Fazialisparese-Bell’s-Palsy_2022-05.pdf,IndexError: list index out of range
092-001l_S3_Strategien-zur-Sicherung-rationaler-Antibiotika-Anwendung-im-Krankenhaus_2020-02-abgelaufen.pdf,IndexError: list index out of range
012-005l_S1_Vordere_Kreuzbandruptur_2019-02-abgelaufen.pdf,ok
030-109l_S1_Botulismus_2024-05.pdf,ok
187-038l_S1_Oberarmschaftfraktur_2022-09.pdf,ok
001-034l_S1_Telemedizin_in-der-Intensivmedizin_2021-01_1.pdf,ok
025-025l_S1_Ependymome-Kinder-Jugendliche_2023-09.pdf,IndexError: list index out of range
083-022l_S3_Haeusliches-mechanisches-Biofilmmanagement-Praevention-Therapie-Gingivitis_2021-02-abgelaufen.pdf,ok
013-077l_S1_Aesthetische_Botulinumtoxin_Therapie_2022-07.pdf,ok
179-012l_S2e_Ergebniserhebung-Erstbehandlung-nach-Querschnittlaehmung_2020-12.pdf,ok
030-135l_S2e_Diagnostik-Therapie-Aufmerksamkeitsstoerungen-bei-neurologischen-Erkrankungen-Erwachsenene_2023-12.pdf,ok
189-001l_S3_Therapie-primaerer-Antikoerpermangelerkrankungen-2019-05-verlaengert.pdf,ok
022-016l_S1_Akute_Bewusstseinsstoerung_jenseits_der_Neugeborenenperiode_2021-01.pdf,ok
038-022l_S3_Verhinderung-von-Zwang-Praevention-Therapie-aggressiven-Verhaltens_2018-11-abgelaufen.pdf,IndexError: list index out of range
087-001l_S2k_Empfehlungen-strukturelle-Voraussetzungen-perinatologische-Versorgung-Deutschland__2021-04_01.pdf,IndexError: list index out of range
001-038l_S1_Die-geburtshilfliche-Analgesie-und-Anaesthesie_2020-03.pdf,ok
021-028l_S2k_Gastrointestinale_Blutung_2017-07-abgelaufen.pdf,ok
025-015l_S1_Langerhanszell-Histiozytose-LCH-Kinder-Jugendliche_2023-05.pdf,ok
011-018l_S2k_Behandlung-der-thorakalen-Aortendissektion-Typ-A_2021-02_1.pdf,ok
065-003l_S3_Diagnostik-Therapie-Nachsorge-periphere-arterielle-Verschlusskrankheit_2024-11_2.pdf,IndexError: list index out of range
016-001l_S2k_Chronischer_Unterbauchschmerz_Frau_2023-04.pdf,IndexError: list index out of range
024-017l_S2k_Akutes_nicht_obstruktives_Lungenversagen_ARDS_2021-08.pdf,ok
045-028l_S1_Anteriore-ischaemische-Opticusneuropathie-AION_2024-09.pdf,ok
061-031l_S2k_Management_IgE-vermittelter_Nahrungsmittelallergien_2025-02-verlaengert.pdf,ok
037-009l_S2k_Diagnostik-Therapie-Ulcus-cruris-venosum__2024-01_1.pdf,IndexError: list index out of range
065-002l_S2k_Venenthrombose-Lungenembolie_2023-09.pdf,IndexError: list index out of range
017-025l_S2k_Obstruktive_Sialadenitis_2024-11-abgelaufen.pdf,IndexError: list index out of range
079-001l_S3_Sepsis-Praevention-Diagnose-Therapie-Nachsorge_2020-03_01-abgelaufen.pdf,IndexError: list index out of range
060-012l_S3_Diagnostik-Therapie-ANCA-assoziierten_Vaskulitiden_2024-08_2_01.pdf,ok
030-104l_S1_Tetanus_2024-05.pdf,ok
068-015l_S2k_Cholestase-im-Neugeborenenalter_2022-08.pdf,IndexError: list index out of range
013-018l_S3_Durchfuehrung-Epikutantest-Kontaktallergene-Arzneimittel_2019-05-abgelaufen.pdf,IndexError: list index out of range
179-006l_S2k_Schmerzen_Querschnittlaehmung_2018-08-abgelaufen.pdf,ok
083-043l_S3_Behandlung-von-Parodontitis-Stadium-I-III_2021-02_2.pdf,ok
030-124l_S2e_Diagnostik_Therapie_Gedächtnisstörungen_2025-03-abgelaufen.pdf,ok
013-076l_S1_Bildgebende-Diagnostik-von-Hauterkrankungen_2024-11.pdf,ok
174-006l_S1_primaerer-Hyperparathyreoidismus_2016-05-abgelaufen.pdf,ok
018-029OLl_S3_Hodgkin-Lymphom_Erwachsene_Diagnostik_Therapie_Nachsorge_2022-10.pdf,IndexError: list index out of range
045-013l_S2e_Retinale-arterielle-Verschluesse-RAV_2022-10.pdf,ok
113-004l_S1_Nachhaltigkeit-Intensivmedizin-Notfallmedizin_2024-12.pdf,ok
049-013l_S3_Redeflusstoerungen_2016-09-abgelaufen_03.pdf,ok
075-004l_S2k_Haendedesinfektion-und-Haendehygiene_2023-09.pdf,ok
028-020l_S3_Stoerungen_des_Sozialverhaltens_2018-09_1.pdf,IndexError: list index out of range
053-046l_S2k_Erhoehter-TSH-Wert-in-der-Hausarztpraxis_2024-07.pdf,ok
024-003l_S2k_Neugeborenen-Transport_2024-08.pdf,IndexError: list index out of range
155-001l_S3_Posttraumatische_Belastungsstoerung_2020-02_1.pdf,ok
174-003l_S1_Adrenogenitales-Syndrom-AGS-im-Kindes-und-Jugendalter_2022-03_1.pdf,ok
030-079l_S2k_Status_epilepticus_im_Erwachsenenalter_2022-03.pdf,IndexError: list index out of range
057-016l_S3_Diagnostik-Therapie-Verlaufskontrolle-Diabetes-mellitus-Kinder-Jugendliche_2023-11.pdf,IndexError: list index out of range
030-087l_S2k_Diagnostik-Therapie-myasthener-Syndrome_2025-01.pdf,ok
083-011l_S3_Indikationen-implantologische-3D-Rorntgendiagnostik-navigationsgestuetzte-Implantologie_2023-08.pdf,ok
022-020l_S2k_Visuelle-Wahrnehmungsstoerungen_2017-12-abgelaufen.pdf,IndexError: list index out of range
053-013l_S3_akuter-und-chronischer-Husten_2022-01.pdf,IndexError: list index out of range
083-039l_S3_Keramikimplantate_2024-01.pdf,ok
053-059l_S2k_Klimabewusste-Verordnung-Inhalativa_2024-04.pdf,ok
017-060l_S1_Oesophagoskopie_2021-07.pdf,IndexError: list index out of range
017-050l_S2k_Riech-und-Schmeckstörungen_2023-09.pdf,IndexError: list index out of range
015-095l_S2k_Nicht-hormonelle-Empfaengnisverhuetung_2024-08.pdf,ok
064-011l_S1_Kopfschmerzen-Kinder-Jugendlichen-Bildgebende-Diagnostik_2023-07.pdf,ok
015-052l_S1_Weibliche_genitale_Fehlbildungen_2020-06.pdf,IndexError: list index out of range
021-031l_S1_Versorung-von-Lebertransplantations-Patienten-waehrend-Covid-19-Pandemie_2022-06_1-verlaengert.pdf,ok
nvl-006l_S3_Chronische_Herzinsuffizienz_2023-12.pdf,IndexError: list index out of range
038-009l_S3_Schizophrenie_2019-03-abgelaufen.pdf,IndexError: list index out of range
187-006l_S2k_Aerztliche-Begutachtung-chronische-Schmerzen_2023-08_2.pdf,ok
032-038OLl_S3_Frueherkennung-Diagnose-Therapie-Nachsorge-Harnblasenkarzinom_2025-04.pdf,ok
025-028l_S1_Keimzelltumoren-des-Zentralnervensystems-ZNS_2022-01.pdf,IndexError: list index out of range
006-129l_S1_Wunden_Wundbehandlung_2021-08.pdf,ok
025-006l_S1_Ewing-Sarkom-Kinder_-Jugendliche_2022-02_01.pdf,ok
026-025l_S22k_Atemwegsendoskopie-im-Kindesalter_2020-11.pdf,ok
013-072l_S2k_Extrakorporale-Photopherese-ECP_2022-02.pdf,ok
032-027l_S2k_Kutane_Lymphome_2021-12.pdf,ok
045-023l_S1_Erbliche-Netzhaut-Aderhaut-Sehbahn-Erkrankungen_2021-09_01.pdf,ok
002-010l_S2e_Arbeit-unter-Einwirkung-von-Infrarotstrahlung-Wärmestrahlung_2019-08_1-abgelaufen.pdf,IndexError: list index out of range
030-083l_S1_Transiente_globale_Amnesie_2023-01_01.pdf,IndexError: list index out of range
053-063l_S1_Umgang-mit-dem-Wunsch-nach-Suizidassistenz-Hausarzt-Praxis_2024-09.pdf,ok
013-048l_S2k_Diagnostik-Therapie-des-chronischen-Pruritus_2025-04_01.pdf,IndexError: list index out of range
051-029l_S2k_Begutachtung-psychischer-psychosomatischer-Stoerungen_2025-01-abgelaufen.pdf,ok
093-001l_S2k_Labordiagnostik-schwangerschaftsrelevanter-Virusinfektionen_2022-02.pdf,IndexError: list index out of range
028-026l_S2k_Enuresis-und-nicht-organische-funktionelle-Harninkontinenz_2021-12.pdf,IndexError: list index out of range
083-028l_S3_Direkte-Kompositrestaurationen-bleibende-Zaehnen-Front-Seitenzahnbereich_2024-05.pdf,ok
059-006l_S2k_Sexuell-uebertragbare-Infektionen-Beratung-Diagnostik-Therapie-STI_2019-09-abgelaufen.pdf,ok
030-105l_S1_Intrakranieller-Druck-ICP_2024-07.pdf,ok
028-042l_S2k_Intelligenzminderung_2021-09.pdf,ok
015-006l_S2e_Descensus_genitalis-Diagnostik-Therapie_2016-11-abgelaufen.pdf,IndexError: list index out of range
187-007l_S2k_Synovialektomie_2022-04_1.pdf,ok
015-063l_S2k_Peripartale_Blutungen_Diagnostik_Therapie_PPH_2022-09_2.pdf,IndexError: list index out of range
064-017l_S1_Erbrechen-Kinder-Jugendliche-Bildgebende_Diagnostik_2023-07.pdf,ok
028-041l_S2k_Psychische_Stoerungen_Saeugling_Kleinkind_Vorschulalter_2025-03.pdf,ok
025-029l_S2k_Diagnostik-Therapie-der-sekundaeren-Eisenueberladung-bei-Patienten-mit-angeborenen-Anaemien_2022-03_1.pdf,IndexError: list index out of range
030-130l_S2e_Neuropathien_Neuritiden_2019-03-abgelaufen.pdf,ok
027-020l_S2k_Juvenile_Idiopathische_Arthritis_2024-12-abgelaufen.pdf,IndexError: list index out of range
033-048l_S2k_Konservative-operative_rehabilitative-Versorgung-Bandscheibenvorfall-radikulae_2021-06_01.pdf,ok
023-043l_S2k_Truncus_arteriosus_communis_TAC_Kinder_Jugendliche_2025-03-abgelaufen.pdf,ok
075-005l_S2k_Hygienische-Anforderungen-Patientenbetten-Bettwaesche-Bettenzubehoer-Personalschutz-Umgang-Betten_2025-01_01.pdf,ok
189-002l_S1_Organisatorische-strukturelle-Voraussetzungen-_Versorgung-Kinder-schwere-angeborene-T-zellulaere-Immundefekte_2025-01.pdf,ok
049-008l_S2k_Diagnostik-Therapie-Stoerungen-der-Stimmfunktion-Dysphonien_2023-01.pdf,ok
187-004l_S3_Indikation_Knieendoprothese_2023-06.pdf,ok
067-009l_S3_PAP_2025-02.pdf,ok
027-006l_S3_Diagnostik-Therapie-Harnstoffzyklusstoerungen_2018-06-abgelaufen.pdf,IndexError: list index out of range
061-004l_S2k_Allergen-Immuntherapie-bei-IgE-vermittelten-allergischen_Erkrankungen_2022-10.pdf,IndexError: list index out of range
030-101l_S1_Neurosyphilis_2020-06.pdf,ok
043-044l_S3_Epidemiologie-Diagnostik-Therapie-Praevention-Management-Harnwegsinfektione-Erwachsene-HWI_2024-09.pdf,ok
008-010OLl_S3_Perioperatives-Management-bei-gastrointestinalen-Tumoren-POMGAT_2023-12.pdf,ok
001-032l_S1_S1_Perioperative-Infusionstherapie-Kinder_2021-07.pdf,ok
025-037l_S1_Atypische-Teratoide-Rhabdoide-Tumoren_2024-05.pdf,ok
013-007l_S1_Diagnostik-Therapie_Anakekzem_2024-11.pdf,ok
023-025l_S2k_Myokarditis-im-Kindes-und-Jugendalter_2022-10.pdf,IndexError: list index out of range
020-010l_S2k_Diagnostik-Begutachtung-Quarzstaublungenerkrankung-Silikose_2016-12-abgelaufen.pdf,ok
012-025l_S2e_Kniegelenkluxation-2021-02_01.pdf,ok
072-001l_S2k_Tauchunfall_2023-03.pdf,IndexError: list index out of range
020-009l_S2k_Fachaerztliche-Diagnostik-Therapie-von-Asthma_2023-07.pdf,IndexError: list index out of range
023-041l_S2k_Ebstein-Anomalie-der-Trikuspidalklappe_2022-01.pdf,ok
023-006l_S2k_Chronische_Herzinsuffizienz_Kinder_Jugendliche_2015-10-abgelaufen.pdf,IndexError: list index out of range
053-007l_S1_Nackenschmerz_2017-01-abgelaufen.pdf,IndexError: list index out of range
060-011l_S2e_Diagnostik-Therapie-des-adulten-Still-Syndroms-AOSD_2023-11.pdf,ok
060-007l_S2k_Management_Großgefäßvaskulitiden_2020-08.pdf,ok
045-012l_S2k_Diagnostik-antientzuendliche-Therapie-Uveitis-juveniler-idiopathischer-Arthritis_2021-06-verlaengert.pdf,ok
032-056l_S1_Kutane-Angiosarkome__2021-03.pdf,ok
030-114l_S2k_Diagnose-nicht-interventionelle-Therapie-neuropathischer-Schmerzen_2023-07-abgelaufen.pdf,ok
028-046l_S3_Rechenstörung-2018-03_1-abgelaufen.pdf,ok
017-074l_S2k_Chronisch-mesotympanale-Otitis-media_2020-11_01.pdf,IndexError: list index out of range
083-020l_S3_Zahnbehandlungsangst-beim-Erwachsenen_2024-11-abgelaufen.pdf,ok
030-037l_S1_Crampi-Muskelkrampf_2024-02.pdf,IndexError: list index out of range
179-009l_S2e_Rehabilitation-untere-Extremitaet-Stehfunktion-Gehfunktion-Querschnittlaehmung_2024-07_1.pdf,ok
053-006l_S3_Pflegende-Angehoerige-von-Erwachsenen_2019-03-abgelaufen.pdf,IndexError: list index out of range
174-004l_S1_Kleinwuchs_2023-07.pdf,ok
080-001l_S3_Rehabilitative_Therapie_bei_Armparese_nach_Schlaganfall_2025-04-abgelaufen.pdf,IndexError: list index out of range
049-015l_S3_Therapie_von_Sprachentwicklungsstörungen_Text_2022-12.pdf,ok
073-019l_S3_Klinische-Ernaehrung-Hydrierung-im-Alter_2025-02.pdf,ok
030-054l_S2k_Myositissyndrome_2024-10-verlaengert.pdf,IndexError: list index out of range
013-059l_S1_Definition-Therapie-primaeren-Hyperhidrose_2023-07.pdf,ok
007-100OLl_S3-Diagnostik-Therapie-Mundhoehlenkarzinom_2021-03.pdf,IndexError: list index out of range
020-025l_S2k_Idiopathische-Lungenfibrose-Update-medikamentoese-Therapie_2022-11.pdf,ok
025-035l_S3_KF_Palliativversorgung-Kinder-Jugendliche-Krebserkrankung_2025-04.pdf,ok
006-040l_S1_Proximale_Humerusfrakltur-beim-Kind_2021-10_1.pdf,ok
080-002l_S2k_Prolongierte-Beatmungsentwoehnung-neurologische-neurochirurgische-Fruehrehabilitation_2025-04.pdf,ok
031-042l_S1_Nierenfunktionsszintigraphie-mit-ohne-Furosemid-Diurese-Kinder-Erwachsene_2024-04.pdf,IndexError: list index out of range
023-032l_S2k_Akute-Herzinsuffizienz-mechanische-Kreislaufunterstuetzung__2025-03-abgelaufen.pdf,IndexError: list index out of range
025-004l_S1_Nephroblastom_Wilms-Tumor_2016-06-abgelaufen.pdf,IndexError: list index out of range
030-052l_S1_Zervikale-spondylotische-Myelopathie_2017-08_02-abgelaufen.pdf,IndexError: list index out of range
020-002l_S2k_Langzeit_Sauerstofftherapie_2020-08.pdf,IndexError: list index out of range
020-008l_S3_Nichtinvasive-Beatmung-Therapie-chronische-respiratorische-Insuffizienz_2024-07.pdf,IndexError: list index out of range
006-001l_S1_Aganglionose_Morbus_Hirschsprung_2016-05-abgelaufen.pdf,ok
087-002l_Indikationen-Einweisung-Schwangere-Krankenhaus-adaequate-Versorgungsstufe_2024-03.pdf,ok
179-013l_S2e_Verbesserung-der-Funktionsfaehigkeit-der-oberen-Extremitaeten-bei-zervikaler-Querschnittlaehmung_2020-10.pdf,ok
187-020l_S2e_Schultersteife_2022-07.pdf,ok
020-036l_S2k_Diagnostik-Therapie-der-exogen-allergischen-Alveolitis-EAA_2024-07.pdf,ok
043-050l_S2k_Diagnostik_Therapie_Interstitielle_Cystitis_2018-10.pdf,ok
049-016l_S3_Oropharyngeale-Dysphaghie-infolge-Kopf-Hals-Tumor-Erkrankung-Diagnostik-Therapie_2025-04.pdf,ok
006-026l_S2k_Operative-Behandlung-distale-mittlere-proximale-Hypospadie_2021-09-verlaengert.pdf,ok
055-004l_S2k_Medikamentoese-Postexpositionsprophylaxe-PEP-nach-HIV-Exposition_2022-06.pdf,IndexError: list index out of range
185-004l_S1_Chronisch-nicht-bakterielle-Osteomyelitis-im-Kindesalter_2023-06.pdf,ok
017-021l_S2k_Adenoide-Vegetationen_2023-02.pdf,IndexError: list index out of range
015-050l_S2k_Diagnostik-Therapie-wiederholte-Spontanaborte_2022-08.pdf,IndexError: list index out of range
030-049l_S1_Mitochondriale-Erkrankungen_2021-02_01.pdf,IndexError: list index out of range
037-018l_S2k_Varikose_Diagnostik-Therapie_2019-07-abgelaufen.pdf,ok
006-120l_S2k_Polytraumaversorgung-im-Kindesalter_2021-02.pdf,ok
006-022l_S2k_Hodenhochstand_Maldescensus-testis_2018-08-abgelaufen.pdf,IndexError: list index out of range
186-001l_S3_Transition_Paediatrie_Erwachsenenmedizin_2021-04-verlaengert.pdf,ok
053-024l_S3_Hausaerztliche_Risikoberat_kardiovask_Praevention_2018-09-abgelaufen.pdf,ok
073-021l_S3_Heimenterale-heimparenterale-Ernaehrung__2024-05.pdf,ok
031-033l_S1_Nuklearmedizinische-Waechter-Lymphknoten-Diagnostik_2024-04.pdf,ok
023-038l_S2k_Pulmonale-Hypertonie_2021-02_01.pdf,ok
083-041l_S3_Materialunvertraeglichkeiten-bei-dentalen-enossalen-Implantaten_2023-05_1.pdf,ok
089-002l_S2k_Diagnostik-Therapie-hormonaktiver-Hypophsenaddenome_2025-01-abgelaufen.pdf,ok
020-013l_S3_Epidemiologie-Diagnostik-Therapie-erwachsener-Patienten-nosokomiale-Pneumonie__2024-03.pdf,IndexError: list index out of range
021-007OLl_S3_Kolorektales-Karzinom-KRK_2019-01-abgelaufen.pdf,IndexError: list index out of range
084-001l_S2e_Harninkontinenz-bei-geriatrischen-Patienten-Diagnostik-Therapie_2024-01_1.pdf,IndexError: list index out of range
040-013l_S1_Zuteilung-intensivmedizinscher-Ressourcen-im-Kontext-der-COVID-19-Pandemie-Klinisch-ethische_Empfehlungen_2021-12_1-abgelaufen.pdf,ok
080-007l_S2e_Multimodale-Neurorehabilitationskonzepte-Post-Intensive-Care-Syndrom-PICS_2023-02.pdf,ok
006-052l_S2k_Phimose-Paraphimose-Kinder-Jugendliche_2025-02-verlaengert.pdf,IndexError: list index out of range
058-001l_S2k_Diagnostik_und_Therapie_der_Lymphoedeme_2019-07-abgelaufen.pdf,IndexError: list index out of range
040-016l_S2k_Intravenoese_Fluessigkeitstherapie-bei-Kindern-jenseits-der-Neugeborenenperiode_2022-11.pdf,ok
015-082l_S2k_Fertilitaetserhaltung-bei-onkologischen-Therapien_2017-12-verlaengert.pdf,ok
037-007l_S1_Intermittierende-pneumatische-Kompression-IPK-AIK_2018-07-abgelaufen.pdf,IndexError: list index out of range
055-002l_S2k_HIV-Therapie-Schwangerschaft-und-HIV-exponierten_Neugeborenen_2020-10-verlaengert.pdf,IndexError: list index out of range
030-145l_S2k_Palliativmedizinische-Versorgung-neurologischer-Erkrankungen_2023-04.pdf,ok
027-067l_S3_Diagnostik-Therapie-Management-Methylmalonazidaemien-Propionazidaemien_2025-04.pdf,ok
023-035l_S2k_Periphere_Pulmonalarterienstenosen_2018-09-abgelaufen.pdf,IndexError: list index out of range
013-063l_S1_Analer-Pruritis_2024-11.pdf,ok
017-082OLl_S3_Diagnostik-Therapie-Praevention-Nachsorge-Oro-und-Hypopharynxkarzinom_2024-03.pdf,ok
084-002l_S1_Geriatrisches-Assessment-Stufe-2_2025-02.pdf,ok
080-008l_S2k_COVID-19-und-Frueh-Rehabilitation_2024-01.pdf,ok
022-027l_S2k_Differentialdiagnose-erworbene-hereditaere-Neuropathie-Kinder-Jugendliche_2021-07_1.pdf,ok
008-023l_S3_Epidurale-Rueckenmarkstimulation-Therapie-chronische-Schmerzen_2024-05.pdf,IndexError: list index out of range
026-024l_S3_Mukoviszidose-Kinder-in-den-ersten-beiden-Lebensjahren-Diagnostik-Therapie_2024-09-abgelaufen.pdf,ok
020-015l_S2k_Prolongiertes_Weaning_2024-08_abgelaufen.pdf,IndexError: list index out of range
053-011l_S3_Schlaganfall_2025-03-abgelaufen.pdf,IndexError: list index out of range
081-004OLl_Analkarzinom_Diagnostik-Therapie-Nachsorge-Analkanalkarzinom-Analrandkarzinom_2020-12.pdf,ok
043-053l_S2k_Medikamentoese-Therapie-neurogene-Dysfunktion-des-unteren-Harntraktes-NLUTD_2022-02.pdf,ok
042-002l_S1_Diagnostik-Therapie-Amoebiasis__2022-05-verlaengert.pdf,IndexError: list index out of range
030-002l_S2k_Behandlung-von-spontanen-intrazerebralen-Blutungen_2025-01_verlaengert.pdf,IndexError: list index out of range
015-027OLl_Praevention_Zervixkarzinom_2020-03-verlaengert.pdf,ok
166-001l_S2e_Idiopathisches_Nephrotisches_Syndrom_Kinderalter_2020-09-verlaengert.pdf,ok
015-062l_S3_HT_Peri-Postmenopause-Diagnostik-Interventionen_2021-01.pdf,IndexError: list index out of range
007-086l_S2k_Odontogene-Sinusitis-maxillaris_2019-06-abgelaufen.pdf,IndexError: list index out of range
013-055l_S1_Kontaktekzem_2021-11.pdf,ok
073-004l_S2k_Klinische-Ernaehrung-Intensivmedizin_2019-11-abgelaufen.pdf,ok
083-026l_S3_Zahnimplantate_Knochenantiresorptive_Bisphosphonate_2016-11-abgelaufen.pdf,ok
002-035l_S1_Radon-in-Innenraeumen_2022-02.pdf,IndexError: list index out of range
030-057l_S1_Therapie-der-Migraeneattacke-Prophylaxe-der-Migraene_2024-06.pdf,IndexError: list index out of range
030-081l_S2k_Restless-Legs-Syndrom_2024-01.pdf,IndexError: list index out of range
088-012l_S2k_Diagnostik_Therapie_Nachsorge_low-grade_muzinoese_Neoplasien_Appendix_2025-02.pdf,ok
013-065l_S2k_Rosazea_2022-02.pdf,ok
032-026l_S1_Dermatofibrosarcoma-protuberans-DFSP_2019-04-abgelaufen.pdf,ok
032-023l_S2k_Merkelzellkarziom-MZK-MCC-neuroendokrines-Karzinom-der-Haut_2025-01-verlaengert.pdf,ok
007-065l_S3_Kondylushypoplasie_Kondylushyperplasie_2023-11.pdf,IndexError: list index out of range
083-037l_S1_Okklusale-Dysaesthesie–Diagnostik-Management_2025-03.pdf,ok
022-021l_S1_Ketogene_Diaeten_2022-02.pdf,IndexError: list index out of range
007-089l_S3_Implantat-Versorgung-orale-Rehabilitation-Kopf-Hals-Bestrahlung_2023-05_01.pdf,IndexError: list index out of range
007-061l_S3_Inflammatorische-Erkrankungen-des-Kiefergelenks-JIA-RA_2021-08.pdf,ok
061-016l_S3_Allergiepraevention_2022-11.pdf,IndexError: list index out of range
001-012l_S3_Analgesie-Sedierung-Delirmanagement-in-der-Intensivmedizin-DAS_2021-08.pdf,IndexError: list index out of range
187-053l_S2k_Kindlicher-Knick-Senkfuss_2022-11.pdf,ok
038-020l_S3_Psychosoziale_Therapien_bei_schweren_psychischen_Erkrankungen_2019-07.pdf,ok
113-002l_S1_Intensivpflegerische-Versorgung-PatientenInnen-mit-Infarktbedingten-kardiogenen-Schock_2022-05.pdf,ok
013-029l_S1_UV-Phototherapie__Photochemotherapie_2015-08-abgelaufen.pdf,ok
007-006l_S3_Odontogene_Infektionen_2017-12-abgelaufen.pdf,IndexError: list index out of range
007-063l_S3_Kiefergelenkluxation_2022-08_1.pdf,IndexError: list index out of range
030-089l-S2k_Ambulant-erworbene-bakterielle-Meningoenzephalitis-im-Erwachsenenalter_2023-05.pdf,ok
032-053OLl_S3_Diagnostik-Therapie-Hepatozellulaeres-Karzinom-biliaere-Karzinome_2024-11.pdf,ok
083-025l_S3_Zahnimplantate-bei-Diabetes-mellitus_2023-05.pdf,ok
078-015l_S2k_Humangenetische_Diagnostik_Genetische_Beratung_2019-08-abgelaufen.pdf,IndexError: list index out of range
001-049l_S1_Intraoperative-klinische-Anwendung-von-haemodynamischem-Monitoring-bei-nicht-kardiochirurgischen-PatientInnen_2023-10.pdf,ok
054-002l_S1_Regeln-zur-Durchfuehrung-der-aerztlichen-Leichenschau_2023-03.pdf,IndexError: list index out of range
043-017OLl_S3_Diagnostik-Therapie-Nachsorge-Nierenzellkarzinom_2024-10.pdf,ok
001_044l_S1Praevention-Therapie-systemischen-Lokalanaesthetika-Intoxikation-LAST_2025-01-abgelaufen.pdf,ok
031-006l-S1_Myokard-Perfusions-SPECT_-CT___2023-08.pdf,ok
043-049OLl_S3_Keimzelltumoren-Hoden-Diagnostik-Therapie-Nachsorge_2020-03-abgelaufen.pdf,ok
182-002l_S2e_Kardiopulmonale-Reanimation-Schwerelosigkeit-Cardiopulmonary-resuscitation-CPR-during-spaceflight_2022-07.pdf,ok
030-126l_S2k_Diagnostik-Therapie-Neglect-andere-Stoerungen-der-Raumkognition_2023-03.pdf,ok
174-007l_S1_Vitamin-D-Mangel_Rachitis_2022-07.pdf,ok
179-011l_S2k_Atmung-Atemunterstuetzung-Beatmung-bei-akuter-und-chronischer-Querschnittlaehmung_2022-11.pdf,ok
032-025l_S1_Kaposi-Sarkom_2022-03.pdf,ok
026-022l_S3_Lungenerkrankung-bei-Mukoviszidose-Pseudomonas-aeruginosa__2023-02_02.pdf,ok
030-118l_S1_Leukodystrophien-hereditaere-Leukencephalopathien-Erwachsene_2023-01-verlaengert.pdf,ok
185-002l_S2k_Immunglobulin_A_Vaskulitis_Purpura_Schönlein-Henoch_2022-08.pdf,ok
062-006l_S1_Therapie-anderer-primaerer-Kopfschmerzerkrankungen_2024-12.pdf,IndexError: list index out of range
nvl-009l_S3_Hypertonie_2023-06.pdf,IndexError: list index out of range
020-016l_S2k_Diagnostik-Idiopathische-Lungenfibrose_2025-01-abgelaufen.pdf,ok
030-100l_S1_Virale_Meningoenzephalitis_2025-02.pdf,ok
013-012l_S2k_Therapie-Hidradenitis-suppurativa-Acne-inversa_2024-08.pdf,IndexError: list index out of range
025-017l_S1_Thalassaemien_2023-02_1.pdf,IndexError: list index out of range
007-038l_S3_Therapie-Lippen-Kiefer-Gaumenspalten_2025-01.pdf,IndexError: list index out of range
028-007l_S3_Zwangsstoerungen_Kindes-_und_Jugendalter_2021-06.pdf,IndexError: list index out of range
020-028l_S1_Interdisziplinaere-Diagnostik-interstitieller-Lungenerkrankungen-im-Erwachsenenalter_2023-01_1.pdf,ok
083-024l_S3_Implantate_bei_Zahnnichtanlagen_2018-02.pdf,ok
030-080l_S1_Stiff-Man-Syndrom_2017-11-abgelaufen.pdf,IndexError: list index out of range
025-038l_S3k_Strukturelle-Voraussetzungen-paediatrische-onkologische-haematologische-Versorgung__2024-08.pdf,ok
021-016l_S3_Definition-Pathophysiologie-Diagnostik-Therapie-Reizdarmsyndroms_2022-02.pdf,IndexError: list index out of range
031-025l_S1__99mTc_Tc-DMSA-Szintigraphie-Kinder__2024-03.pdf,IndexError: list index out of range
023-036l_S2k_Subvalvulaere_Aortenstenose_2018-10-abgelaufen.pdf,ok
002-030l_S2k_Gesundheitliche-Aspekte-Gestaltung-Nacht-und-Schichtarbeit_2020-03.pdf,IndexError: list index out of range
083-021l_S3_Kariespraevention-bei-bleibenden-Zaehnen-grundlegende-Empfehlungen_2025-04.pdf,ok
039-093l_S1_Radiologische-Diagnostik-im-Kopf-Hals-Bereich_2021-02.pdf,ok
174-009l_S1_Vitamin-D-abhaengige-Rachitiden_2022-08.pdf,ok
023-046l_S2k_Herztransplantation-Kinder-Jugendliche_Erwachsene-EMAH-angeborene-Herzfehler_2024-12-abgelaufen.pdf,ok
006-128l_S2K_Behandlung-thermische-Verletzungen-Kinder-Verbrennung-Verbruehung_2024-08_1.pdf,IndexError: list index out of range
025-008l_S1_Neuroblastom_2019-07-abgelaufen.pdf,ok
179-008l_S1_Querschnittspezifische_Dekubitusbehandlung_Dekubituspraevention_2017-08-abgelaufen.pdf,ok
017-073l_Implantierbare-Hoergeraete_2018-06-abgelaufen.pdf,IndexError: list index out of range
064-010l_S1_Wachstumsstoerung-Kinder-Bildgebende-Diagnostik_2023-07.pdf,ok
030-010l_Parkinson_Krankheit_2023-11_1.pdf,IndexError: list index out of range
021-013l_S2k_Gastrooesophageale-Refluxkrankheit-eosinophile_Oesophagitis_2023-09.pdf,IndexError: list index out of range
045-015l_S2e_Bewertung-Risikofaktoren-Offenwinkelglaukoms_2024-03.pdf,ok
017-070l_S2k_Formstoerungen-innere-aeussere-Nase_2022-06.pdf,IndexError: list index out of range
043-042OLl_S3_Peniskarzinom_2020-08.pdf,ok
166-005l_S3_Abklaerung-Mikro-Haematurie-Kinder-junge-Erwachsenen-Frueherkennung-Nierenerkrankungen_2024-10.pdf,ok
001-016l_S3_Intensivmedizinische_Versorgung-Haemodynamisches-Monitoring_2018-06-abgelaufen.pdf,IndexError: list index out of range
023-027l_S2k_Akutes-rheumatisches-Fieber-Poststreptokokken-reaktive-Arthritis_2024-04.pdf,ok
025-003l_S2k_Langzeit-Nachsorge-krebskranke-Kinder-Jugendliche–Vermeiden-Erkennen-Behandeln-Spaetfolgen_2025-05.pdf,IndexError: list index out of range
025-012l-S1_Hodgkin_Lymphom_2019-01-abgelaufen.pdf,ok
045-027l_S1_Virale_anteriore_Uveitis_2022-08.pdf,ok
044-001l_S2k_Behandlung-thermischer-Verletzungen-des-Erwachsenen_2021-07.pdf,IndexError: list index out of range
025-007l_S1_Rhabdomyosarkome_2024-03.pdf,IndexError: list index out of range
017-068l_S3_Diagnostik_Therapie_Schnarchen_Erwachsene_2019-8-abgelaufen.pdf,IndexError: list index out of range
020-027l_S1_Long-Post-Covid_2024-06_1.pdf,ok
015-059l_S2k_Vulvakarzinom_und_Vorstufen_Diagnostik_Therapie_2016-10-abgelaufen.pdf,IndexError: list index out of range
007-092l_S2k_orale_Vorlaeuferlaesion_Plattenepithelkarzinom_2024-09-abgelaufen.pdf,IndexError: list index out of range
025-021l_S1_Eisenmangelanaemie_2021-11.pdf,IndexError: list index out of range
081-009l_S3_Sinus_pilonidalis_2025-04-abgelaufen.pdf,ok
043-048l_S2k_Management-Durchfuehrung-Intermittierender-Katheterismus-neurogene-Dysfunktion-unterer-Harntrakt_2020-02_1_01.pdf,ok
032-055OLl__S3_Komplementaermedizin-in-der-Behandlung-von-onkologischen-PatientInnen-2025-06.pdf,ok
030-131l_S1_Kopfschmerz-Uebergebrauch-Schmerzmittel-Migraenemittel-Medication-Overuse-Headache-MOH_2022-04.pdf,ok
187-001l_S3_Indikationskriterien_Hüfttotalendoprothese_bei_Coxarthrose_2021-04.pdf,ok
083-015l_S2k_Diabetes-Paradontitis_2024-10.pdf,ok
086-001l-S2k-Neu-diagnostizierte-Immunthrombozytopenie-Kindesalter-Jugendalter_2019-06-abgelaufen.pdf,IndexError: list index out of range
007-064l_S3_Ankylose_Unterkieferhypomobilität_2016-07-abgelaufen.pdf,ok
002-046l_S2k_Exoskelette_2020-07-verlaengert_01.pdf,ok
053-043l_S3_Multimedikation_2021-08.pdf,ok
113-001l_S3_Empfehlungen-zur-Therapie-von-Patienten-mit-COVID-19_2025-04.pdf,ok
006-087l_S1_Zwerchfellhernie_Zwerchfelldefekt_Congenital_Diaphragmatic_Hernia_CDH_2016-05-abgelaufen.pdf,ok
030-123l_S2k_Rehabilitation-von-sensomotorischen-_Stoerungen_2023-05.pdf,ok
031-052l_S1_Beta_Amyloid-PET-Bildgebung_Gehirn_2019-01-abgelaufen.pdf,ok
061-025l_S2k_Akuttherapie-Management-Anaphylaxie_2021-10.pdf,IndexError: list index out of range
017-075l_S2k_Hypersalivation_2018-11.pdf,IndexError: list index out of range
022-005l_S1_Fieberkraempfe-im-Kindesalter_2021-09.pdf,ok
091-001l_S3_Lokaltherapie-schwerheilender-chronischer-Wunden_2023-11.pdf,IndexError: list index out of range
088-011l_S1_Therapie-akute-Appendizitis-bei-Erwachsenen_2021-12.pdf,ok
012-017l_S2e_Patellafraktur_2021-02_01.pdf,ok
028-012l_S1_Nicht-organische-Schlafstoerungen_2022-01-abgelaufen.pdf,IndexError: list index out of range
024-012l_S2k_Neugeborenen-Screening-Stoffwechselstoerungen-Endokrinopathien-Immundefekte_2025-05.pdf,ok
051-028l_S3_Behandlung-von-Angststoerungen_2021-06.pdf,ok
002-045l_S2k_Arbeiten-unter-klimatischen-Belastungen_2022-08.pdf,ok
030-119l_S1_Hypoxisch-ischaemische-Enzephalopathie-HIE-im-Erwachsenenalter_2025-02.pdf,ok
018-039l_S1_Priorisierung-Ressourcenallokation-Pandemie-Krebsversorgung-gastrointestinaler-Tumoren_2023-04.pdf,ok
043-054l_S2k_Hilfsmittelberatung-Harninkontinenz_2025-02.pdf,ok
184-001l_S2e_Soziale-Teilhabe-Lebensqualitaet-stationaere-Altenhilfe-Pandemie_2025-03.pdf,ok
015-045l_S2k_Diagnostik_Therapie_Endometriose_2020-09.pdf,IndexError: list index out of range
030-036l_S1_Clusterkopfschmerz_trigeminoautonome_Kopfschmerzen_2015-06-abgelaufen.pdf,IndexError: list index out of range
073-027l_S3_Klinische-Ernaehrung-bei-chronisch-entzuendlichen-Darmerkrankungen_2025-02.pdf,ok
045-026l_S1_Makulaforamen-und-vitreomakulaere-Traktion_2022-09.pdf,ok
081-007l_S3__Hämorrhoidalleiden_2019-07_01-abgelaufen.pdf,IndexError: list index out of range
025-031l_S1_Akute-myeloische-Leukaemie–AML–Kinder-Jugendliche_2019-09-abgelaufen.pdf,ok
023-002l_S2k_Abklaerung-einer-Zyanose-Kinder-Jugendliche_2018-07-abgelaufen.pdf,IndexError: list index out of range
037-005l_S3k_Medizinische-Kompressionstherapie-MKS-PKV_2019-05_abgelaufen.pdf,IndexError: list index out of range
033-033l_S2k_Hueftdysplasie_2021-12_01.pdf,ok
007-003l_S2k_Weisheitszahnentfernung_2019-08-abgelaufen.pdf,IndexError: list index out of range
023-034l_S2k_Aortenklappeninsuffizienz-Aortenklappenersatz-Kinder-Jugendliche_2024-05.pdf,ok
021-019l_S2k_Chronische_Obstipation_2022-11.pdf,ok
022-022l_S3_Therapie-der-Blitz-Nick-Salaam-Epilepsie-West-Syndrom_2021-10.pdf,IndexError: list index out of range
032-021l_S2k_Basalzellkarzinom-der-Haut_2024-07.pdf,ok
022-014l_S1_Paediatrische-Multiple-Sklerose_2023-12.pdf,IndexError: list index out of range
023-028l_S2k_Herztumoren_im_Kindes-_und_Jugendalter_2024-12-abgelaufen.pdf,ok
053-010l-S3_Halsschmerzen_2021-12.pdf,IndexError: list index out of range
063-003l_S3_Insomnie-bei-Erwachsenen_2025-04.pdf,ok
083-012l_S3_Vollkeramische_Kronen_Brücken_2021-06.pdf,ok
013-052l_S1_Skabies-Diagnostik-Therapie_2016-12-abgelaufen.pdf,ok
040-014l_S3_Intensivmedizin_nach_Polytrauma_2024-08.pdf,ok
025-011l_S1_Hepatoblastom_2016-06-abgelaufen.pdf,IndexError: list index out of range
030-144l_S2k_Neurologische_Manifestationen_bei_COVID-19_2024-11.pdf,ok
030-055l_S1_Myotone-Dystrophien-nicht-dystrophe-Myotonien-periodische-Paralysen_2024-02.pdf,IndexError: list index out of range
057-013l_S3-Therapie-Typ-1-Diabetes_2023-09_1.pdf,IndexError: list index out of range
nvl-001l_S3_Typ-2-Diabetes_2024-12.pdf,ok
053-036l_S1_Chronischer_Schmerz_2025-02.pdf,ok
053-045LGl_S3_LG_Schutz_vor_Ueber_und_Unterversorgung_2025-05.pdf,ok
028-018l_S3_Autismus-Spektrum-Stoerungen_ASS-Diagnostik_2016-05-abgelaufen.pdf,IndexError: list index out of range
025-020l_S1-Lymphknotenvergroesserung_2020-06.pdf,ok
002-016l_S2k_Oberflaechen-Elektromyographie-in-der-Arbeitsmedizin-Arbeitsphysiologie-Arbeitswissenschaft_2023-03_1.pdf,IndexError: list index out of range
051-027l_S2k_Diagnostik_Behandlung_akute_Folgen_psychischer_Traumatisierung_2024-09-abgelaufen.pdf,IndexError: list index out of range
033-050l_S3_atraumatische_Femurkopfnekrose_2019-09_1-abgelaufen.pdf,ok
084-003l_S3_Umfassendes-Geriatrisches-Assessment-Comprehensive-Geriatric-Assessment-CGA-bei-hospitalisierten-PatientInnen_2024-06.pdf,ok
134-001l_S3_Diagnostik-Therapie-Rehabilitation-schwere-Beeintraechtigung-Persoenlichkeitsfunktionen-LL-SBPF_2025-02.pdf,ok
020-004l_Nichtinvasive-Beatmung-Therapie-akute-respiratorische-Insuffizienz_2024-01.pdf,IndexError: list index out of range
151-002l_Sk_Adoleszente-Idiopathische-Skoliose_2023-03.pdf,ok
057-026l_S3_Diabetes-und-Straßenverkehr_2017-12.pdf,ok
073-025l_S3_Klinische-Ernaehrung-bei-Pankreaserkrankungen_2024-11.pdf,ok
019-013l_S3_Infarktbedingter_kardiogener_Schock_2019-11-abgelaufen.pdf,IndexError: list index out of range
187-042l_S2k_Tibiakopffrakturen_2022-07.pdf,ok
053-002l_S3_Muedigkeit_2023-01_01.pdf,IndexError: list index out of range
027-018l_S3_Diagnostik-Therapie-Management-der-Glutarazidurie-Typ-1_2022-05.pdf,IndexError: list index out of range
011-023l_S2k_Behandlung-akute-chronische-Erkrankungen-der-thorakalen-Aorta-Fokus-Aortenbogen_2023-03.pdf,ok
001-033l_S2k_Medikamentensicherheit__Kinderanästhesie_20121-12.pdf,ok
025-036l_S2k_Bewegungsfoerderung-Bewegungstherapie-in-der-pädiatrischen_Onkologie_2021-10.pdf,ok
030-042l_S1_Creutzfeldt-Jakob-Krankheit_2024-07.pdf,IndexError: list index out of range
083-053l_S3_Vollkeramische-festsitzende-implantatgetragene-Restaurationen_2025-02.pdf,ok
023-001l_S2k_Abklaerung_Herzgeraeusch_Kindes-Jugendalter_2018-05-abgelaufen.pdf,IndexError: list index out of range
012-028l_S1_Verletzungen-der-thorakolumbalen-Wirbelsäule_2019-02-abgelaufen.pdf,ok
083-004l_S2k_Therapie-des-dentalen-Traumas-bleibender-Zaehne_2022-10.pdf,IndexError: list index out of range
030-077l_S1_Diagnostik-Therapie-Kopfschmerz-Spannungstyp_2024-03.pdf,IndexError: list index out of range
003-001l_S3_VTE-Prophylaxe_2015-10-abgelaufen_01.pdf,IndexError: list index out of range
090-004l_S1_Anforderungen-an-die-Strukturqualitaet-intermittierende-kontinuierliche-Nierenersatztherapie-im-Krankenhaus_2022-07.pdf,ok
024-010l_S2k_Augenaerztliche_Screening-Untersuchung_Frühgeborene_2025-04-abgelaufen.pdf,IndexError: list index out of range
083-023l_S3_Behandlung-periimplantaerer-Infektionen-an-Zahnimplantaten_2023-05.pdf,ok
015-080l_S2k_Fetale-Wachstumsrestriktion_2024-10_1.pdf,ok
007-108l_Diagnostik-Therapie-Patienten-mit-Kraniosynostosen_2023-10.pdf,ok
021-029l_S2k_Lebertransplantation_2024-07.pdf,ok
024-013l_S2k_Idiopathische_Apnoen_Bradykardien_Hypoxämien_Frühgeborene_2025-02-abgelaufen.pdf,IndexError: list index out of range
045-017l_S1_Okulaere-Graft-versus-host-Erkrankung_2020-12_1_01.pdf,ok
030-041l_S2k_Erster-epileptischer-Anfall-Epilepsien-Erwachsenenalter_2023-09.pdf,IndexError: list index out of range
013-071l_S2k_Diagnostik-Therapie-Pemphigus-vulgaris-foliaceus-bulloese-Pemphigoids_2019-10-abgelaufen.pdf,IndexError: list index out of range
054-001l_S1_Die-rechtsmedizinische_Leichenoeffnung_2023-03_02.pdf,IndexError: list index out of range
083-018l_S3_Zahnärztliche-Chirurgie-Antikoagulation-Thrombozytenaggregationshemmung_2018-05-abgelaufen.pdf,ok
nvl-007l_S3_Kreuzschmerz_2017-03-abgelaufen.pdf,IndexError: list index out of range
040-012l_S2k_Diagnostik-Therapie-Kohlenmonoxidvergiftung_2021-11.pdf,ok
094-002l_S2k_Begutachtung-bei-gedecktem-Schaedel-Hirntrauma-Erwachsene_2024-08.pdf,ok
012-026l_S2k_Frakturen_distaler_Unterschenkel_Kinder_2017-11-abgelaufen.pdf,ok
030-143l_S2k_Sekundaerprophylaxe-ischaemischer-Schlaganfall-transitorische-ischaemische-Attacke-Teil-2_2023-01.pdf,ok
015-079l_S2k_Dammriss-III-IV-Grades_2020-12_1.pdf,ok
025-010l_Extrakranielle-Keimzelltumoren_2022-01.pdf,IndexError: list index out of range
006-023l_S2k_Akutes_Skrotum_Kinder_Jugendliche_2015-08-abgelaufen.pdf,IndexError: list index out of range
023-040l_S2k_Arterielle_Hypertonie-Kinder-Jugendliche_2024-08.pdf,"BadRequestError: Error code: 400 - {'error': {'code': 'content_filter', 'inner_error': {'code': 'ResponsibleAIPolicyViolation', 'content_filter_results': {'jailbreak': {'detected': True, 'filtered': True}}}, 'message': ""The response was filtered due to the prompt triggering Azure OpenAI's content management policy. Please modify your prompt and retry. To learn more about our content filtering policies please read our documentation: \r\nhttps://go.microsoft.com/fwlink/?linkid=2198766."", 'param': 'prompt', 'type': None}}"
038-025l_S3_Medikamtenbezogene-Stoerungen_2021-01.pdf,APIConnectionError: Connection error.
015-077l_S2k_Verhinderung_Lagerungsschäden_Operationen_Gynäkologie_2021-01.pdf,ERROR
013-084l_S1_Dermatosen_bei_dermaler_Lymphostase_2017-11-abgelaufen.pdf,ERROR
015-091l_S2k_Harninkontinenz-der-Frau_2022-03.pdf,IndexError: list index out of range
038-023l_S2k_Notfallpsychiatrie_2019-05_1-abgelaufen.pdf,IndexError: list index out of range
013-083l_S1_Stationaere-dermatologische-Rehabilitation_2025-02-abglaufen.pdf,ERROR
055-007l_S2k_Anale-Dysplasien-Analkarzinom-Screening-Menschen-mit-HIV_2024-11.pdf,IndexError: list index out of range
032-045OLl_S3_Mammakarzinom_2021-07.pdf,IndexError: list index out of range
032-054OLl_S3_Supportiv_2020-07-abgelaufen.pdf,APIConnectionError: Connection error.
007-101l_S2k_Aphthen_aphthoide-Läsionen_2023-06_02.pdf,"BadRequestError: Error code: 400 - {'error': {'code': 'content_filter', 'inner_error': {'code': 'ResponsibleAIPolicyViolation', 'content_filter_results': {'hate': {'filtered': False, 'severity': 'safe'}, 'self_harm': {'filtered': False, 'severity': 'safe'}, 'sexual': {'filtered': False, 'severity': 'safe'}, 'violence': {'filtered': True, 'severity': 'high'}}}, 'message': ""The response was filtered due to the prompt triggering Azure OpenAI's content management policy. Please modify your prompt and retry. To learn more about our content filtering policies please read our documentation: \r\nhttps://go.microsoft.com/fwlink/?linkid=2198766."", 'param': 'prompt', 'type': None}}"
015-094l_S2k_Schwangerschaftsabbruch-im-ersten-Trimenon_2023-01.pdf,FileNotFoundError: [Errno 2] No such file or directory: 'converted/015-094l_S2k_Schwangerschaftsabbruch-im-ersten-Trimenon_2023-01.json'
013-085l_S3_Umgang-mit-Antikoagulantien-Thrombozytenaggregationshemmern-Operationen-Haut_2021-03_01.pdf,IndexError: list index out of range
013-098l_S1_Diagnostik-Therapie-Livedovaskulopathie__2024-11-verlaengert.pdf,ok
013-102l_S2k_Diagnostik-Therapie-Schleimhautpemphigoid_2022-08.pdf,"BadRequestError: Error code: 400 - {'error': {'code': 'content_filter', 'inner_error': {'code': 'ResponsibleAIPolicyViolation', 'content_filter_results': {'hate': {'filtered': False, 'severity': 'safe'}, 'self_harm': {'filtered': False, 'severity': 'safe'}, 'sexual': {'filtered': True, 'severity': 'high'}, 'violence': {'filtered': False, 'severity': 'safe'}}}, 'message': ""The response was filtered due to the prompt triggering Azure OpenAI's content management policy. Please modify your prompt and retry. To learn more about our content filtering policies please read our documentation: \r\nhttps://go.microsoft.com/fwlink/?linkid=2198766."", 'param': 'prompt', 'type': None}}"
013-103l_S3_Diagnostik-Therapie-epidermale-Nekrolyse-Stevens-Johnson-Syndrom-toxisch-epidermale-Nekrolyse-SJS-TEN_2024-11.pdf,"BadRequestError: Error code: 400 - {'error': {'code': 'content_filter', 'inner_error': {'code': 'ResponsibleAIPolicyViolation', 'content_filter_results': {'hate': {'filtered': False, 'severity': 'safe'}, 'self_harm': {'filtered': False, 'severity': 'safe'}, 'sexual': {'filtered': False, 'severity': 'safe'}, 'violence': {'filtered': True, 'severity': 'high'}}}, 'message': ""The response was filtered due to the prompt triggering Azure OpenAI's content management policy. Please modify your prompt and retry. To learn more about our content filtering policies please read our documentation: \r\nhttps://go.microsoft.com/fwlink/?linkid=2198766."", 'param': 'prompt', 'type': None}}"
015-023l_S2k_Vaginal-operative-Geburtshilfe_2024-10_1.pdf,IndexError: list index out of range
013-095l_S2k_Lasertherapie-der-Haut_2022-03.pdf,APIConnectionError: Connection error.
015-098l_S2k_Schulterdystokie_2024-10_1.pdf,"BadRequestError: Error code: 400 - {'error': {'code': 'content_filter', 'inner_error': {'code': 'ResponsibleAIPolicyViolation', 'content_filter_results': {'hate': {'filtered': False, 'severity': 'safe'}, 'self_harm': {'filtered': False, 'severity': 'safe'}, 'sexual': {'filtered': True, 'severity': 'high'}, 'violence': {'filtered': False, 'severity': 'safe'}}}, 'message': ""The response was filtered due to the prompt triggering Azure OpenAI's content management policy. Please modify your prompt and retry. To learn more about our content filtering policies please read our documentation: \r\nhttps://go.microsoft.com/fwlink/?linkid=2198766."", 'param': 'prompt', 'type': None}}"
063-002l_S1_Praevention-des-Ploetzlichen-Sauuglingstods_2022-12_01.pdf,ERROR
032-042l_S2k_Vaginalkarzinom-Vorstufen-Diagnostik-Therapie-Nachsorge_2018-11.pdf,APIConnectionError: Connection error.
009-019l_S2k_Rekonstruktive-Aesthetische-Operationen-des-weiblichen-Genitales_2022-08.pdf,"BadRequestError: Error code: 400 - {'error': {'code': 'content_filter', 'inner_error': {'code': 'ResponsibleAIPolicyViolation', 'content_filter_results': {'hate': {'filtered': False, 'severity': 'safe'}, 'self_harm': {'filtered': False, 'severity': 'safe'}, 'sexual': {'filtered': True, 'severity': 'high'}, 'violence': {'filtered': False, 'severity': 'safe'}}}, 'message': ""The response was filtered due to the prompt triggering Azure OpenAI's content management policy. Please modify your prompt and retry. To learn more about our content filtering policies please read our documentation: \r\nhttps://go.microsoft.com/fwlink/?linkid=2198766."", 'param': 'prompt', 'type': None}}"
030-028l_S2k_Chorea_Morbus_Huntington_2023-01.pdf,IndexError: list index out of range
013-030l_S2k_Therapie-pathologischer-Narben-hypertrophe-Narben-Keloide_2025-04-abgelaufen.pdf,"BadRequestError: Error code: 400 - {'error': {'code': 'content_filter', 'inner_error': {'code': 'ResponsibleAIPolicyViolation', 'content_filter_results': {'hate': {'filtered': False, 'severity': 'safe'}, 'self_harm': {'filtered': False, 'severity': 'safe'}, 'sexual': {'filtered': True, 'severity': 'medium'}, 'violence': {'filtered': False, 'severity': 'safe'}}}, 'message': ""The response was filtered due to the prompt triggering Azure OpenAI's content management policy. Please modify your prompt and retry. To learn more about our content filtering policies please read our documentation: \r\nhttps://go.microsoft.com/fwlink/?linkid=2198766."", 'param': 'prompt', 'type': None}}"
024-026l_S2k_Einsatz-Behandlung-humane-Milch-Einrichtungen-Gesundheitswesen_2024-05.pdf,ok
007-107l_Rationaler-therapeutischer-Einsatz-von-kaltem-physikalischem-Plasma_2024-08-verlaengert.pdf,"BadRequestError: Error code: 400 - {'error': {'code': 'content_filter', 'inner_error': {'code': 'ResponsibleAIPolicyViolation', 'content_filter_results': {'hate': {'filtered': False, 'severity': 'safe'}, 'self_harm': {'filtered': False, 'severity': 'safe'}, 'sexual': {'filtered': False, 'severity': 'safe'}, 'violence': {'filtered': True, 'severity': 'high'}}}, 'message': ""The response was filtered due to the prompt triggering Azure OpenAI's content management policy. Please modify your prompt and retry. To learn more about our content filtering policies please read our documentation: \r\nhttps://go.microsoft.com/fwlink/?linkid=2198766."", 'param': 'prompt', 'type': None}}"
032-010OLl_Exokrines-Pankreaskarzinom_2024-10.pdf,"BadRequestError: Error code: 400 - {'error': {'code': 'content_filter', 'inner_error': {'code': 'ResponsibleAIPolicyViolation', 'content_filter_results': {'hate': {'filtered': False, 'severity': 'safe'}, 'self_harm': {'filtered': False, 'severity': 'safe'}, 'sexual': {'filtered': False, 'severity': 'safe'}, 'violence': {'filtered': True, 'severity': 'high'}}}, 'message': ""The response was filtered due to the prompt triggering Azure OpenAI's content management policy. Please modify your prompt and retry. To learn more about our content filtering policies please read our documentation: \r\nhttps://go.microsoft.com/fwlink/?linkid=2198766."", 'param': 'prompt', 'type': None}}"
032-022OLl_S3_Aktinische_Keratosen-Plattenepithelkarzinom-PEK_2023-01.pdf,APIConnectionError: Connection error.
005-010l_S3_Versorgung-peripherer-Nervenverletzungen_2025-02.pdf,IndexError: list index out of range
027-069l_S3_Kindesmisshandlung-Missbrauch-Vernachlaessigung-Kinderschutzleitlinie_2022-01-abgelaufen.pdf,"BadRequestError: Error code: 400 - {'error': {'code': 'content_filter', 'inner_error': {'code': 'ResponsibleAIPolicyViolation', 'content_filter_results': {'hate': {'filtered': False, 'severity': 'safe'}, 'self_harm': {'filtered': False, 'severity': 'safe'}, 'sexual': {'filtered': True, 'severity': 'high'}, 'violence': {'filtered': False, 'severity': 'safe'}}}, 'message': ""The response was filtered due to the prompt triggering Azure OpenAI's content management policy. Please modify your prompt and retry. To learn more about our content filtering policies please read our documentation: \r\nhttps://go.microsoft.com/fwlink/?linkid=2198766."", 'param': 'prompt', 'type': None}}"
187-039l_S1_Verletzungen-des-Beckenrings_2024-03.pdf,ok
083-017l_S2k_Instrumentelle-zahnaerztliche-Funktionsanalyse-und-Kieferrelationsbestimmung_2022-11_05.pdf,ERROR
187-023l_S3_Polytrauma-Schwerverletzten-Behandlung_2023-06.pdf,IndexError: list index out of range
083-016l_S3_Haeusliches-chemisches-Biofilmmanagement-Praevention-Therapie-Gingivitis_2021-02-abgelaufen.pdf,ERROR
083-002l_S3_Fissuren-Gruebchenversiegelung_2025-03..pdf,IndexError: list index out of range
001-021l_S3_Invasive_Beatmung_2017-12.pdf,ERROR
187-041l_S2e_Distale-Femurfrakturen_2025-02.pdf,ok
086-004l_S2k_Therapie-angeborener-thrombozytaerer-Erkrankungen_2025-04-abgelaufen.pdf,ERROR
128-001OLl_S3_Palliativmedizin_2025-03-abgelaufen.pdf,ok
071-013l_S2k_Sozialpaed-Nachsorge-Fruehgeborener-unter-1000-g_2019-01.pdf,ERROR
001-022l_S1_Regionalanaesthesie-ambulante-Patienten-Empfehlung-zur-Durchfuehrung_2021-03.pdf,ERROR
179-004l_S2k_Neurogene-Darmfunktionsstoerung-Querschnittlaehmung_2024-10-abgelaufen.pdf,IndexError: list index out of range
179-003l_S1_Depression-bei-Menschen-mit-Querschnittlaehmung_Besonderheiten-Diagnostik-Behandlung_2023-07.pdf,IndexError: list index out of range
183-001l_S3_Prophylaxe-Diagnostik-Therapie-der-Osteoporose_2023-11.pdf,IndexError: list index out of range
066-002l_S2k_Sportmedizinische-Vorsorgeuntersuchung_2024-04.pdf,IndexError: list index out of range
078-016l_S1_Molekulargenetische-Diagnostik-mit_Hochdurchsatz-Verfahren-der-Keimbahn_2018-07_1-abgelaufen.pdf,ERROR
021-023OLl_S3_Diagnostik-Therapie-Plattenepithelkarzinome-Adenokarzinome-Oesophagus_2024-06.pdf,ERROR
017-066l_S2k_Antibiotikatherapie_der_Infektionen_an_Kopf_und_Hals_2019-11_1-abgelaufen.pdf,IndexError: list index out of range
013-044l_S2k_Kutane_Lyme_Borreliose_2024-06.pdf,"BadRequestError: Error code: 400 - {'error': {'code': 'content_filter', 'inner_error': {'code': 'ResponsibleAIPolicyViolation', 'content_filter_results': {'hate': {'filtered': False, 'severity': 'safe'}, 'self_harm': {'filtered': False, 'severity': 'safe'}, 'sexual': {'filtered': True, 'severity': 'high'}, 'violence': {'filtered': False, 'severity': 'safe'}}}, 'message': ""The response was filtered due to the prompt triggering Azure OpenAI's content management policy. Please modify your prompt and retry. To learn more about our content filtering policies please read our documentation: \r\nhttps://go.microsoft.com/fwlink/?linkid=2198766."", 'param': 'prompt', 'type': None}}"
085-002l_S2e_Ersttrimester-Diagnostik-Therapie@11-13_6_Schwangerschaftswochen_2024-01_1.pdf,"BadRequestError: Error code: 400 - {'error': {'code': 'content_filter', 'inner_error': {'code': 'ResponsibleAIPolicyViolation', 'content_filter_results': {'hate': {'filtered': False, 'severity': 'safe'}, 'self_harm': {'filtered': False, 'severity': 'safe'}, 'sexual': {'filtered': False, 'severity': 'safe'}, 'violence': {'filtered': True, 'severity': 'medium'}}}, 'message': ""The response was filtered due to the prompt triggering Azure OpenAI's content management policy. Please modify your prompt and retry. To learn more about our content filtering policies please read our documentation: \r\nhttps://go.microsoft.com/fwlink/?linkid=2198766."", 'param': 'prompt', 'type': None}}"
083-048l_S3_Versorgung_seltener_genetisch_bedingter_Erkrankungen_Zaehne_2025-04.pdf,"BadRequestError: Error code: 400 - {'error': {'code': 'content_filter', 'inner_error': {'code': 'ResponsibleAIPolicyViolation', 'content_filter_results': {'hate': {'filtered': False, 'severity': 'safe'}, 'self_harm': {'filtered': False, 'severity': 'safe'}, 'sexual': {'filtered': True, 'severity': 'medium'}, 'violence': {'filtered': False, 'severity': 'safe'}}}, 'message': ""The response was filtered due to the prompt triggering Azure OpenAI's content management policy. Please modify your prompt and retry. To learn more about our content filtering policies please read our documentation: \r\nhttps://go.microsoft.com/fwlink/?linkid=2198766."", 'param': 'prompt', 'type': None}}"
085-003l_S2e_Fraktursonographie_2023-02_1.pdf,IndexError: list index out of range
018-035OLl_S3_Diagnostik-Therapie-Nachsorge-monoklonaler-Gammopathie-unklarer-Signifikanz-MGUS-Multiplem-Myelom_2022-05.pdf,APIConnectionError: Connection error.
113-005l_S1_Diagnostik-Therapie-invasive-pulmonale-Aspergillose-kritisch-kranke-intensivpflichtige-Patienten_2025-01.pdf,"BadRequestError: Error code: 400 - {'error': {'code': 'content_filter', 'inner_error': {'code': 'ResponsibleAIPolicyViolation', 'content_filter_results': {'hate': {'filtered': False, 'severity': 'safe'}, 'self_harm': {'filtered': False, 'severity': 'safe'}, 'sexual': {'filtered': False, 'severity': 'safe'}, 'violence': {'filtered': True, 'severity': 'high'}}}, 'message': ""The response was filtered due to the prompt triggering Azure OpenAI's content management policy. Please modify your prompt and retry. To learn more about our content filtering policies please read our documentation: \r\nhttps://go.microsoft.com/fwlink/?linkid=2198766."", 'param': 'prompt', 'type': None}}"
020-021l_S3_Sauerstoff-in-der-Akuttherapie-beim-Erwachsenen_2021-06-verlaengert.pdf,APIConnectionError: Connection error.
